"","Metabolite.name","Adduct.type","Average.Rt.min.","HyPea-7404_1","HyPep-4601N_3","HyPep-7504_1","HyPep-7504_2","HyPep-7504_3","HyPep-YE_1","HyPep-YE_2","HyPep-YE_3","HY-YEST-412_1","HY-YEST-412_2","HY-YEST-412_3","HyPea-7404_2","HY-YEST-466_1","HY-YEST-466_2","HY-YEST-466_3","HY-YEST-503_1","HY-YEST-503_2","HY-YEST-503_3","HY-YEST-555_1","HY-YEST-555_2","HY-YEST-555_3","HyPea-7404_3","HyPep-1510_1","HyPep-1510_2","HyPep-1510_3","HyPep-1510_4","HyPep-4601N_1","HyPep-4601N_2"
"1","Glyceraldehyde","[M-H]-",1.927,0.0485552538316184,0.0244706434580161,0.0049922506827956,0.00545439815019305,0.00899741330503346,0.100025322319568,0.0525528725821319,0.0671080331815781,0.138893993907374,0.122008783930922,0.12078417109469,0.0319172015789993,0.0103131449873227,0.00876248019800705,0.0263524968397304,0.00083080363731703,0.00951796123946846,0.00345250643106612,0.0367137746968173,0.0278648522407442,0.0703819000207337,0.052070668539848,0.00163944776634657,0.00112261474635214,0.00114659159593875,0.000958365199572357,0.0137210418212035,0.00939101201661083
"2","N,N-Dimethylglycine","[M-H]-",1.697,0.0036418693653923,0.00561681232808384,0.00276077772012628,0.00259010294147775,0.00213650481021294,0.0419202231783719,0.0530096976002984,0.050547810706379,0.0562459327079503,0.0672891204043964,0.0601912480848474,0.00233081329335808,0.104969436511826,0.0964193332234473,0.180370112876698,0.0284276747074427,0.0422779063652446,0.0262314711084607,0.0562609758297182,0.0533517077746876,0.0446796899064394,0.00278961698488741,0.00110936813749588,0.00106937007704718,0.00128511532877798,0.00164595821135485,0.00556302580623598,0.00526832400934187
"3","N,N-Dimethylglycine","[M-H]-",2.619,0.00458753791746287,0.00124381558587329,0.0295551689405332,0.00533540148846095,0.0426062865069968,0.0889519273092497,0.0637690436372545,0.0435680908773581,0.0159328137704557,0.113943827549212,0.042145390027633,0.00496943190099646,0.0258738639883849,0.0266012845703789,0.0440843036799093,0.0993720212588137,0.16203441046993,0.0962221975805048,0.0280690255883909,0.0256405734079858,0.018854084102894,0.00513960794136878,0.0022364848612014,0.00345606767044779,0.00169527403644559,0.00365226206046162,0.000420119822152555,3.96834492431375e-05
"4","Serine","[M-H]-",6.648,0.00321021015574234,0.0189122210783076,0.0105244359933726,0.00587980558082966,0.0104964171528003,0.102831626440004,0.116143779154145,0.0595548803360889,0.0610765605569261,0.0581350334858984,0.0701820069593205,0.00392760075976628,0.0470498146109275,0.067895696639968,0.0767152696544948,0.0101679966366563,0.0071330283114818,0.00755299508772424,0.00180367338279629,0.00012588174749854,0.0157871954169298,0.00271385707178842,0.0622922443578583,0.0590738225612397,0.0446603173537509,0.0288168135422411,0.022779272266338,0.024557543705105
"5","Serine","[M-H]-",2.342,0.00425023174268865,0.0424447535654922,0.0125373215135237,0.0104754410976898,0.0148055532406882,0.0664626850217764,0.0540154866045764,0.0327557178925904,0.0655149898338198,0.0623139736862118,0.0896591125678561,0.00585188541085089,0.0538348344926681,0.0903682715573154,0.0920130022794757,0.015751281975337,0.0159209426957059,0.0166901010621243,0.00695238213921155,0.00723836127886739,0.0198459834981463,0.00493626686492485,0.0296933412133988,0.0224934926519526,0.0235266563953759,0.0220832390754983,0.0676140344130862,0.0499506562291474
"6","Serine","[M-H]-",1.682,0.00601675621289799,0.0582103639819843,0.0106541692967461,0.0104487891906492,0.0029358545455958,0.0921135558936003,0.0969996059315088,0.0811175592584534,0.0547815978561689,0.0576054976005263,0.0601432248128977,0.00619185180452971,0.045033840716542,0.0657488633747272,0.0786469799735451,0.012099806096829,0.0121886914783708,0.0122755648612156,0.0052722121610048,0.00496001740453058,0.0174514045326783,0.00212208874635356,0.0224805054298989,0.0200259670575071,0.0188311152167974,0.0189774133745651,0.0640305142015388,0.062636188988337
"7","Catechol","[M-H]-",9.325,0,0.00297227473980101,0.265794367396321,0.378489182719237,0.262799687709508,0.00520794376013608,0.00412388901623325,0.00415766878249794,0.00389983954611024,0.0027375398334106,0.00337177217960495,0.00019302723579828,0.00350137618078379,0.00365166167151245,0.00504214715224506,0.00680145252994938,0.0126384582638924,0.00224083939272253,0.00421144065532747,0.0186085149139392,0.00612792535361039,0.000572532569037397,0,0.00038708854607405,0.00193337458141527,0,0,0.000535995270832723
"8","Catechol; LC-ESI-QTOF; MS2; CE","[M-H]-",5.705,0.00574959543551476,0.00270255550693292,0.0313515100757409,0.0249321790344001,0.11148631793189,0.0429302998899706,0.0659909516186959,0.0450349111824328,0.0700449753071891,0.0778005402825877,0.0939105665883245,0.00501968455205409,0.0338143166126041,0.0327254487723672,0.0376255444815271,0.0438357854758969,0.0301826624361161,0.0616689956022536,0.0397063522622667,0.0290324767496819,0.0508420159022693,0.0102431271644533,0.012608434517301,0.0191816314584164,0.0124848466844374,0.00183915452973211,0.00373277149428544,0.00352234845065799
"9","Histamine","[M-H]-",1.663,0.00477333429985802,0.0976141830338225,0.0111270035810635,0.0115222271592542,0.0115025386934287,0.0371969374591408,0.0603255711556816,0.0396362376952682,0.0417206980814038,0.0629125908186419,0.0657778219276708,0.00297178374368123,0.0665465110919894,0.0636814477823852,0.0673806420319213,0.00859860185044731,0.0157262739444186,0.0114575684476226,0.0153257367177806,0.00989020995511477,0.0185759556400966,0.00226937535209913,0.0128047740949906,0.0126604665897922,0.0130502646532526,0.014913229798851,0.106085369187819,0.113952645212503
"10","Succinic acid; LC-ESI-QTOF; MS2; CE","[M-H]-",2.384,0.0151037334699671,0.00780871343498125,0.00508052479329373,0.00457662698852965,0.00585166409374365,0.0507894615597506,0.0378460202564645,0.0399353531329253,0.0460230564131114,0.035313297304847,0.0286603038297264,0.010346599473351,0.107778076049175,0.108023201439657,0.131801872368885,0.0233925197962904,0.0287319376208133,0.0258693455840354,0.0842272912822725,0.0795040839024017,0.0827444967342757,0.0165381251870202,0.00144330156139864,0.00127159509280925,0.00128471181091837,0.00123329709986638,0.0103753495106008,0.00844544020888838
"11","Threonine; LC-ESI-ITFT; MS2; CE 90.0 eV; [M-H]-","[M-H]-",1.726,0.0010851144605906,0.0442862597077585,0.00425366777769493,0.0040496743902564,0.00398465872765351,0.079776685073952,0.0819616527947176,0.0623266530451623,0.0680579955296838,0.0567983481547117,0.0593117432158101,0.00096835172658379,0.100809004983091,0.103310210026919,0.10528126400678,0.00842920684995101,0.00890430405802521,0.00754281095020459,0.0159848063233104,0.0167319907808838,0.0359685360277064,0.000727782760233985,0.00695181520956173,0.00664651601580309,0.00593658736513447,0.00544575016293632,0.0519758052717237,0.0524928046031602
"12","Threonine","[M-H]-",6.653,0,0.0249138358085919,0.00629348253505401,0.00385810514900628,0.00588491082389269,0.100248781993545,0.109314940717558,0.064005425402992,0.078010787253523,0.0723364939933744,0.0763078637508672,0,0.0720736221838198,0.0736587147159678,0.0674644681720566,0.0167533231934989,0.0102318050127639,0.0104652543866145,0.0199784458297416,0.0172735118567473,0.03242418320847,0,0.0240045177796954,0.0239360223493763,0.0162945685760007,0.0115357132113751,0.0318213292698674,0.0309098928256003
"13","Threonine","[M-H]-",2.735,0.000258869276682406,0.0431734736693228,0.0148582575202359,0.0126440020835462,0.0196937361858973,0.191917307934243,0.0516518595137406,0.0296592374782856,0.0370781823473423,0.0343883774182787,0.0670056803481253,0.00123602576786143,0.0524787033543805,0.0343868636729629,0.0654821860606122,0.0596686358786183,0.0160040196339545,0.0419607151460047,0.0776616114225565,0.0211330895801718,0.0175625258715831,0.0013362567947678,0.0268770865538861,0.0150416315734437,0.0111840587405481,0.0242284652878053,0.0172540004767921,0.0141751404083505
"14","Glutaric acid; LC-ESI-QTOF; MS2; CE","[M-H]-",2.831,0.00277406958303979,0.00114171714930058,0.0372899882705914,0.0409875393646138,0.042687150029152,0.0475497227709063,0.0637820914970435,0.0258584817372094,0.0178139365796131,0.0372469196263888,0.0234822148181986,0.00236186835556056,0.0604107737369593,0.0952096241963082,0.0844982999277345,0.0439548376691558,0.0481022210597217,0.0326875806308966,0.0863908598122492,0.071841814434465,0.0353329990495085,0.00263108761310728,0.0262210290951433,0.0244262015774829,0.0218708080594079,0.0194771951063111,0.00216810180536473,0.00180086644456628
"15","Asparagine","[M-H]-",1.683,0.015624369956984,0.0509710597676621,0.0256097778772371,0.0254936028952343,0.0227847691375265,0.0726081345858006,0.0825393722470047,0.0591234311057115,0.0566323618363853,0.0630599807050092,0.0548405692940988,0.0149721775706873,0.0537627940691056,0.0550379221073603,0.058911935833609,0.0145822170416965,0.015328802555648,0.0152189038405891,0.0145358859469955,0.00972878486693965,0.0285527583434097,0.0143258736647606,0.0168719721991528,0.0153604306636419,0.0175549983185222,0.0176028887852948,0.0544864261432114,0.0538777986407216
"16","2-Hydroxyisocaproic acid; LC-ESI-QTOF; MS2; CE","[M-H]-",3.947,0.0207832333988296,0.00344499822972449,0.00510291486153665,0.0059853419882357,0.00652678003478789,0.0747082567579267,0.0669943145625301,0.0926873835886168,0.125688734151587,0.129465976562497,0.121792439092955,0.00940885468879528,0.0143544407800682,0.00654405096812995,0.020893066618189,0.013225790999886,0.023334985231512,0.0159468219963188,0.0253898428019868,0.0179487898755554,0.170233444312719,0.0144859396560794,0.00160954949629372,0.0015074385166152,0.00124807817771553,0.00147803512544488,0.0054552345416668,0.00375526298379698
"17","Aspartic acid","[M-H]-",1.65,0.00114638157064957,0.0121086398361133,0.00544311227362428,0.00530923105037221,0.0055446582108508,0.100509012997908,0.0762609804569158,0.0831527016865779,0.0801925782587403,0.0767430892265551,0.0857306301160519,0.000935329905672618,0.110214125936435,0.131441986676103,0.106134476030866,0.00463082996192646,0.0124426845759518,0.00288328010079172,0.00578107830067814,0.0184150718077475,0.0290961497914652,0.00121545967225662,0.00726392628202473,0.00582208076272108,0.00508288234447103,0.00504142328485523,0.0102984822698723,0.0111597166118032
"18","D-(+)-Malic acid; LC-ESI-QTOF; MS2; CE","[M-H]-",1.956,0.000945520414374812,0.0742863237432197,0.0538528603745197,0.0546078947428349,0.0628633231200027,0.0237629463757971,0.028008870988593,0.0227559161701563,0.0173207396890217,0.0270614740924528,0.0227514174335413,0.0138068757017508,0.00698034284645982,0.0246317885070684,0.0153236944457863,0.0144510035927054,0.0237144838085399,0.00919367369900689,0.0276283180767534,0.0356385424786125,0.00762591472152384,0.012282274536551,0.0816067143838033,0.0032376514520149,0.0824406256706667,0.0804483195109841,0.0911319450981717,0.081640544325087
"19","D-(+)-Malic acid; LC-ESI-QTOF; MS2; CE","[M-H]-",1.738,0.00641628778573801,0.0909736110342153,0.0456641316003916,0.0405238889314,0.0472093466704018,0.0244286855257862,0.0273443240715125,0.0250623706792234,0.024210800240804,0.04388073824791,0.0297582448534438,0.00812437571171592,0.00471650111694196,0.0161670303653837,0.0129163802924504,0.0110635154590121,0.0218414308593306,0.0051192126621408,0.01671894631053,0.0180969348106832,0.00591619470432912,0.00471172104041895,0.0779356063349224,0.0827919481828211,0.0922501539623429,0.0789323916926883,0.0372453645275872,0.0999798623258746
"20","D-(+)-Malic acid; LC-ESI-QTOF; MS2; CE","[M-H]-",2.977,0.00305261914378142,0.0483153316194728,0.706430547474039,0.00621713332760285,0.00989807335973921,0.00482022137282778,0.0049636942562989,0.00502887970970412,0.00359277828696172,0.00757443155992825,0.00536843303245732,0.00429004468805562,0.000803429846264567,0.00502012010245097,0.00194167966625381,0.00200512650815294,0.00281954537738181,0.000815134278748122,0.00160506285001567,0.00340981646177102,0.000441133155771464,0.0157808525616764,0.023953848965188,0.0229893271963619,0.0232432227072579,0.0231998489254745,0.0108723529816593,0.0515473105847026
"21","ADENINE","[M-H]-",8.238,0.00272347622956503,0.00364538016724831,0.0133961473864029,0.0152198209822064,0.0161712549542206,0.109189656655098,0.00464470099022138,0.159593117799272,0.136602662258744,0.00178893373840899,0.00230338448519631,0.00125984884974026,0.225648920147888,0.0265026667304981,0.137648570787743,0.0041280586017725,0.00841558016795167,0.00479353864734038,0.0195973735778689,0.00263969215783667,0.0829953513096507,0.00330175646235997,0.00192595185127331,0.00205406992547549,0.00132657161434897,0.00183027942189687,0.00584706520849888,0.00480616889127129
"22","ADENINE","[M-H]-",10.616,0.0035362256152558,0.00366218569318308,0.0656549393777438,0.0288119211478147,0.0581468033730349,0.00851801324238396,0.0769112607141477,0.0200649405954149,0.0175421990042065,0.0151297908647165,0.0199671005176608,0,0.0237115664160986,0.313174780395106,0.273767566520301,0.00200860451979188,0.00186385744471623,0.000937165759482362,0.00185907203815856,0.00227590306149785,0.0108240410013968,0,0.00836654698922538,0.00910334314509953,0.00804125824834912,0.00795836265733401,0.00952396244145919,0.00863858921642051
"23","Hypoxanthine","[M-H]-",2.296,0.0219424339310451,0.00821354432173852,0.007143175961229,0.0053950277086725,0.00459967095706702,0.109493969242865,0.00525521186935069,0.0586715185229559,0,0.00216896613019043,0.0345960610381688,0.0147649598249698,0,0,0.000809647645291405,0.11586528033252,0.113470987919692,0.125826307303547,0.101138338200068,0.117855042571202,0.100750330648211,0.0277980591008718,0.00439701433866051,0.00188072076220188,0,0.00231739565885718,0.00498716951818937,0.0106591664924352
"24","Hypoxanthine","[M-H]-",4.06,0.000747819821138422,0.000368860238522289,0.00188926506137795,0.00187067450179927,0.000843075874200833,0.0297700340072958,0.0512821364104475,0.0283601928432849,0.0258765441801151,0.0363515500813171,0.024236488660164,0.000276178673380485,0.0579004245312795,0.0579468957427146,0.0788135901795638,0.0143658782582229,0.0245681233151435,0.0197359102741071,0.180285285602033,0.0803840085432329,0.281671828761972,0.000553839492944392,0.000603618854660836,7.29215922244097e-06,0,5.31497621375474e-06,0.00078244572027555,0.000502723235370501
"25","Caffeic acid; LC-ESI-QTOF; MS2; CE","[M-H-CO2]-",17.264,0.00201373170776003,0.00230612469922471,0.0172143005580433,0.0179940963926237,0.050828031468105,0.0455328822308409,0.0264721078292132,0.0263177440590538,0.0530093407283221,0.051853165223779,0.0484064231830391,0.0019173989722996,0.0843390511003298,0.122453977789185,0.241066109268328,0.0360053798361853,0.0293553764391168,0.0196673905272008,0.0223089139033636,0.0174056416060841,0.0350039030133346,0.0024748896652984,0.00826360716253374,0.0107516192706208,0.00916089605215267,0.0104662137515924,0.00362814230555444,0.00378354125681551
"26","2-hydroxyquinoline","[M-H]-",19.597,0.0228504339513082,0.0231244688300966,0.0389328980088029,0.0421367240683275,0.0852139631654476,0.031158378714305,0.026609076041203,0.0191110487861153,0.0429096863010651,0.0614849753969716,0.0209108146052819,0.0343791525498893,0.0770287268039447,0.080719315735604,0.0877888256633296,0.0170431289357184,0.015674874653467,0.0171230311404021,0.0124479562987109,0.0194093268948176,0.0271283829462344,0.0244333145007636,0.0233891821894095,0.0371815321069406,0.0320875574813217,0.0320839898264492,0.0220951393343122,0.0255440950697606
"27","4-Acetamidobutyric acid","[M-H]-",3.174,0.00138278839054901,0.00167173960334747,0.00951975934602622,0.0107562805200178,0.00748774693734242,0.133927389362318,0.0690231811663459,0.0861797216632816,0.053676215902557,0.118937146332482,0.0431879667919874,0.000778195462823591,0.0731991918213902,0.0365379832943902,0.0999029330919228,0.0769656461078408,0.0599017632806796,0.057984960791734,0.0137420090513941,0.00916209029303821,0.0202166759449491,0.00133244373699287,0.00326570128780122,0.00289139760382303,0.00273209530105793,0.00236435405246546,0.00165990436540058,0.0016127184960413
"28","L-Glutamic acid; LC-ESI-QTOF; MS2; CE","[M-H]-",1.681,0.00558309299641364,0.00829654497971809,0.0040560450711571,0.00426841528139838,0.00329237191964476,0.0549835050894355,0.067324661600618,0.066354357237427,0.070751608733304,0.0802986428750409,0.0747167212559781,0.00396510948284965,0.0713696756238378,0.0756144354663801,0.076500761734456,0.0369040808084595,0.0502206245542882,0.0327974723424287,0.066398730029819,0.0641074314814002,0.052141234370643,0.00451725673536023,0.00208169533837838,0.00195932559044976,0.00237736063317985,0.00251184702635058,0.00844572075455081,0.00816127098703263
"29","(-)-Citramalic acid; LC-ESI-QTOF; MS2; CE","[M-H]-",2.155,0.0156969922630308,0.00884723263031053,0.02409297454669,0.0248218141691386,0.0125124419554264,0.0335146764580949,0.0468982510291,0.0315209407392268,0.0544450008459824,0.0900688739710969,0.0492146950853432,0.0151358406241647,0.0981498801374136,0.00429254862691812,0.153403189604008,0.0192351528506884,0.0199016474963456,0.0200957259849259,0.0421866797893442,0.0582132248450471,0.0568689101117885,0.0169160408154639,0.0237122417656498,0.0251412970393872,0.0223064897306262,0.0214361757793618,0.00199900960357071,0.00937205150185579
"30","Guanine","[M-H]-",5.198,0.00266315472538374,3.6972459878245e-05,0.0672300258339533,0.0327940347053213,0.0611305811666208,0.0187011442123122,0.0085262916534261,0.0328905423057214,0.0156163454423512,0.000945483760305204,0.000983467432761316,0.000101690064861703,0.167254181174407,0.182635956899086,0.092677443159109,0.043626933849254,0.0301837158371311,0.0282428828962746,0.031693551017065,0.0729842046067306,0.107734114040004,1.20713501482817e-05,0.000940617299774222,6.42751994806412e-05,5.39102705575093e-05,0,7.78317681026644e-05,0.00019857686997854
"31","Guanine","[M-H]-",4.873,0.00246781036931318,0.000453506751226967,0.0203722681467055,0.00260581867470277,0.0244899741790354,0.0405770006529956,0.00222195328459002,0.122138303573722,0.0730624453137512,0.000792960721462023,0.00134092985782568,0.0011174603633973,0.17948356420101,0.0469501109032404,0.138181192075513,0.00448780119797742,0.012562355767153,0.00384317958612214,0.121697287612733,0.0337633962502306,0.15300114465963,0.00280535773167912,0.00183621640833205,0.00244866150370134,0.00213097045881447,0.00255260926298691,0.00136556774714494,0.00125015274500444
"32","Xylitol","[M-H]-",1.777,0.00692299473173014,0.00471064776030445,0.0283427939941832,0.0288634703543992,0.0212346175943311,0.050208770482663,0.0455935143172852,0.0454138347355975,0.063750929871942,0.0613470594701188,0.0603812886237767,0.00651344284010012,0.0495783396512864,0.0764106341454026,0.0892223970847162,0.0335797196364349,0.0380296480479929,0.03649909576303,0.0501878669735593,0.0519135776014436,0.0574886495437096,0.0070649993842193,0.018846237002108,0.0207580242157872,0.0170407792660259,0.0192529052701249,0.00555702996004281,0.00528673167768482
"33","5-Aminosalicylic??acid","[M-H]-",3.086,0.00146832424732496,0.000733517475535834,0.0117148220352149,0.0129444422905011,0.0223284929775256,0.179043281398945,0.138446565623291,0.0910455888708684,0.0912679003819724,0.126692051681993,0.0765478208729143,0.00410208021503988,0.00431315643022232,0.00868718606211811,0.01653900024469,0.0183003631118712,0.021855137067387,0.0245770256432736,0.0127777547034678,0.0049937206667835,0.0249759707410792,0,0.024846396467623,0.0271278982804195,0.0301478905685861,0.0219936443220268,0.00242967878933608,0.000100288829988515
"34","3-Hydroxyanthranilic acid","[M-H]-",7.112,0.000102177377103472,0.000438678643462304,0.0227511340222977,0.0305130314160145,0.0229163986003545,0.00488192866585772,0.00536708118540959,0.00402802548462317,0.00294566194055579,0.0178807152416397,0.0033170186139818,0.00041250994220626,0.125617475480416,0.116325849193358,0.14290141403283,0.00289712497183607,0.00284598199137302,0.00323927259697214,0.128298410061377,0.270090423178303,0.0871233159327758,0.000679626145898653,0,0.000108040903525988,0.0014747854790854,0.000990501630114637,0.000357566527950833,0.0014958507406774
"35","PYROCATECHUIC ACID","[M-H]-",9.134,0.000604960341848374,0.000199680381906534,0.226516444867914,0.320585280864469,0.227467030771219,0.012761185685275,0.0135406235817629,0.000468263906249552,0.0165218637069946,0.015593197326854,0.0138376469937559,0.000302295196045163,0.0100002506409611,0.00238196776091331,0.0140921724272931,0.0176026719251325,0.01337058542422,0.00957490090664512,0.0136697360473218,0.0122819157737236,0.0171086502669789,0.00250183148252094,0.00949892247508597,0.0113359079986745,0.00777269066031315,0.00969642940216396,0.000558901596971369,0.000153991586787577
"36","PYROCATECHUIC ACID","[M-H]-",17.318,0.00141860797462714,0.02284413045944,0.00231602856577259,0.00564954852441166,0.0154080068050915,0.000560302002353183,0.000728179560472692,0.000252753724559626,0.00289933916746195,0.00203191497248811,0.00133322050597955,0,0.0283407996238179,0.0351397555106235,0.0422319432134134,1.15895167026666e-05,0,0,0.0143729607031019,0.010692522196694,0.0185978508434313,5.07041355741664e-05,0.133817843305132,0.146995123796064,0.128246097933291,0.132579725009742,0.13753978250738,0.115941269442373
"37","Histidine","[M-H]-",1.663,0.000948595454987193,0.106478237931232,0.00731018572779195,0.00817965240222319,0.00813354726844848,0.0393315146700521,0.0651126229628278,0.0406739655362548,0.0449755379455364,0.0682325249893557,0.0679974365121842,0.000873998357708643,0.0656733102797529,0.0605217165526155,0.0680159481181438,0.00523065666630371,0.0095511860087617,0.00729889452803698,0.0121425606458261,0.0106799253013154,0.0148977265135176,0.000844366739606975,0.016079505235285,0.012845499482056,0.0141237436208141,0.0169150522214786,0.112161976732911,0.114770111594972
"38","Dihydroorotic acid","[M-H]-",2.081,0.000143068776819629,0.00110381183018691,0.00179401141136126,0.00152153021307144,0.00101398438469584,0.173342840494231,0.0881657530903271,0.519353039392587,0.0321675450256034,0.0236517001931728,0.0727298731389179,0.000449044954784084,0.00786656818096885,0.000225375999601382,0.000909208766457408,0.00415014793616023,0.0103982995992137,0.00773457212470282,0.00907764699151876,0.00587283257262205,0.0057296253867955,0.000181361935400826,0.00583887622959102,0.00766656716596947,0.00886482007521145,0.00857420729701512,0.00128771126404794,0.000185975568964825
"39","Pimelic acid","[M-H]-",8.612,0.0862674221973752,0.00892355922962652,0.00648789339293533,0.0613355437792102,0.0625702609790401,0.0118596924867256,0.0102685293444483,0.0106267070080736,0.0106238208061104,0.00968003276416469,0.0111309264910336,0.0657355586720123,0.0144347618782363,0.088591392018093,0.0845798599095291,0.00930482650895689,0.126602383252409,0.0082167283688543,0.00912415026606453,0.075626284179486,0.0125393930490444,0.0800669945199683,0.0116830569265817,0.00964280075884022,0.0443877658516706,0.0520315831308422,0.00825973277810504,0.00939833945256253
"40","Ala-Ala","[M-H]-",1.726,0.0418344900972977,0.0523802353352753,0.0271456704588554,0.0228635614259537,0.0249832206761962,0.0138731245232885,0.00901397981848375,0.0130584015881264,0.0333961749276518,0.0351961322289221,0.0248456378669295,0.0394571816598831,0.0476584559671131,0.0407482384079211,0.0438621627254142,0.0422153061515263,0.0500399694483111,0.043159137340219,0.0769488586365787,0.07118832600696,0.0437294906714899,0.03843205439067,0.015593425814263,0.0170963318429178,0.0139712657066347,0.0112526696580465,0.0505128520651956,0.0555436445598756
"41","Ala-Ala","[M-H]-",2.821,0.0433412599946963,0.0325259611993466,0.0452069441144278,0.0373543372269163,0.0467326446604745,0.0252101558307144,0.0178056876697999,0.0139237233541808,0.0179176469644932,0.0274083698804786,0.0189540745679367,0.0462699929783429,0.019138815136176,0.013522262684356,0.0153485909470441,0.0550365294647521,0.0437784270196933,0.0491517076974157,0.0953595122360336,0.126005446464015,0.0701021293768671,0.0140818194659621,0.0364449463093713,0.0106052282098855,0.00763008005731326,0.0283688306282341,0.0338040291258394,0.00897084673523333
"42","Ala-Ala","[M-H]-",2.211,0.0320969436035216,0.0259564979428143,0.0284839167137875,0.0278850275123968,0.0373568417398897,0.00958083645332092,0.00653135214667469,0.00645067248623298,0.0301502687671,0.0328106842102644,0.0238889165843255,0.0352462067944766,0.00899226002948621,0.00798255174437394,0.00761401304030137,0.14753458065357,0.10838718667614,0.13565856877817,0.0707718476857783,0.033940520789342,0.017644625169874,0.0338265881952326,0.0250718383616015,0.0183845544074504,0.0212273061844627,0.0169840149487677,0.0270398717937988,0.0225015065868448
"43","Indole-3-carboxylic acid; LC-ESI-QTOF; MS2; CE","[M-H]-",19.187,0.0790023376699068,0.0194222622306489,0.0441736059127476,0.0414993324845961,0.0205408969294291,0.0243101278387618,0.0133879867261875,0.00948659596285227,0.0370881985462188,0.0393740745395236,0.0182550209361243,0.095399038522833,0.0913711795443411,0.0993144307177293,0.0859321356303877,0.0182388566818019,0.0124801703302608,0.00790614168811276,0.00774575130543429,0.0115797530648337,0.0302329610546197,0.0852118018180461,0.0150263818843787,0.0176872230448538,0.0164945970410763,0.0157925903058186,0.0200631407647013,0.0229834068237741
"44","Meglutol","[M-H]-",2.414,0.00572582670541194,0.0318224339870429,0.00985822510871046,0.00893627736969091,0.00882812991946563,0.0388688956564438,0.0245198858845639,0.0295029362809285,0.0361958301156335,0.0303963217016412,0.0251308752167441,0.00677842165656168,0.0686525405954284,0.056399771041001,0.0587494099960823,0.0224916419853179,0.0279502388098523,0.0207062837081675,0.0555171746353544,0.053087659148848,0.03730823326552,0.00756954961707656,0.0722157241624836,0.0704839740945673,0.0609504207361443,0.0564377821433098,0.0365057696575312,0.0384097668004768
"45","trans-4-Coumaric acid","[M-H]-",18.765,0.00023753716169611,0.00191467258550642,0.101227898309825,0.098405680051539,0.0757447520278594,0.00209462743951668,0.000844161859692706,0.0010405745973229,0.000610248948456861,0.00477598226169213,0.00110541442147769,0.000164975520329334,0.00242869858579809,0.00363256730367211,0.00336709546523189,0.0217526791381242,0.0230687688948145,0.000838797608389577,0.00319670160030898,0.00294352246212391,0.00129656658661145,0.000264308832695507,0.167981214013283,0.196901312737325,0.158279897914962,0.120734033509973,0.00247780627797984,0.00266950388379232
"46","trans-4-Coumaric acid","[M-H]-",15.805,6.4363132353904e-05,0,0.343912703105589,0.315029790142897,0.302856621903559,0.000928143684461536,0.00122597255552622,0.000948972072119829,0.00113728118348947,0.00317385361279908,0.00121359503007355,0,0.00105763820936986,0.00129153075930314,0.00408355905244836,0.000554427778035287,0.000726688787438707,0,0,0.00196708756228563,0.000890328210147505,0.000207344891893412,0.00740568688394602,0.00455228313700444,0.00418582302136079,0.00214873841858418,4.02056171600647e-05,0.000397361248153081
"47","trans-4-Coumaric acid","[M-H]-",2.738,0.0032843179048143,0.0510626980309643,0.0138099627927691,0.0118413689891273,0.0139766517493456,0.0700787554009579,0.0859332141789269,0.0705859964598335,0.0528177117860852,0.0400549217461451,0.0463180998117201,0.00254334250316741,0.0531048457635313,0.0602669608232138,0.0755179371647164,0.00562155039145834,0.0121025797367209,0.00721753012378231,0.0181660638776119,0.013251004705436,0.0697096359733222,0.00253058428020149,0.023930025621655,0.0250467769150939,0.0246328927660081,0.0247318337096177,0.0587437029617956,0.0631190338319783
"48","Phenylalanine","[M-H]-",9.768,0.014139297794342,0.0206333117294197,0.00752485489305768,0.0192014467415073,0.00778674361920184,0.0811790851781828,0.0738332503047436,0.0501960771002181,0.0837612607909187,0.0978510070835403,0.0768039052634321,0.00330711076225411,0.0757657957679697,0.0851410284441854,0.0919258207746903,0.0203911255363498,0.0163284927333442,0.00742667429285063,0.013114101944153,0.0132940074708759,0.0356966361872662,0.00807571410429075,0.0154407718611227,0.0126834503223504,0.00953573083889918,0.0102045100795429,0.0247425812399269,0.0240162071413639
"49","Phenylalanine","[M-H]-",3.113,0.00219861046219989,0.0363065836870595,0.0100578845498816,0.00857682894983513,0.00887033712167963,0.0678281813368218,0.0689033936612237,0.0578356615150606,0.0800256607551677,0.084317625915685,0.0728230074917686,0.00177180881902124,0.0837501900324426,0.0875047393338893,0.0928604681679743,0.00294937920442227,0.0075132984633334,0.00299572690173119,0.0129717532717587,0.00962914678314369,0.0425116704792104,0.00206112134628836,0.0188652613450699,0.0187743788620274,0.0174539957235707,0.01530932681516,0.0435595057172947,0.0417744532872788
"50","Phenylalanine","[M-H]-",7.215,0.00099570085539171,0.0106025234655123,0.00500155610459509,0.00305345358710499,0.00510972972709409,0.0735344909465434,0.0287174357214924,0.0444635974089448,0.0424198138723201,0.0587050908835301,0.0368375854164493,0.000847138731199575,0.0955420601681808,0.0712101231134376,0.0882498747579332,0.0173669494984278,0.01322535404022,0.0122301949558926,0.106869568924343,0.128374278991681,0.0914563202444029,0.000869064524859394,0.00967725284847557,0.00712184621386425,0.00761294574918084,0.0106964092040615,0.016352594721686,0.0128570453231756
"51","Phenylalanine","[M-H]-",10.617,0.00970194687648937,0.0147322824466271,0.019306045804747,0.00796086422276951,0.0150117927847209,0.0685852261428068,0.133396096226402,0.0561855599160371,0.0799301371061997,0.0667126615167692,0.0682382157977542,0.0149786226782085,0.0783523920981848,0.0739727009250207,0.0775387193338886,0.0220327213435795,0.0174102466402316,0.0115205037650004,0.0134062900418856,0.0168169733831931,0.039297452504892,0.0134106199392392,0.00849464005099382,0.00895473030461137,0.0083440214787651,0.00661484604276763,0.0239680308214465,0.0251256598067691
"52","Phenylalanine","[M-H]-",18.187,0,0.0106914765806579,0.0237150529595132,0.00375488762605455,0.0227427227265144,0.0507676141769208,0.0557135724120126,0.0409056377426977,0.0998543455417717,0.101266192110029,0.109481381750471,0.00572965775994418,0.0724545477599976,0.078619735504803,0.0855118808932784,0.0342543696973588,0.0385000873180369,0.041130824132144,0.0152275192525881,0.00900448701904364,0.023194622192793,0,0.0131552107579214,0.0157116487859061,0.013714996132816,0.00937555686982607,0.00971702594851179,0.0158049463483885
"53","Phenylalanine","[M-H]-",5.339,0.00426871748927368,0.0198033689197068,0.0120190795110186,0.010907403031834,0.012828246363981,0.0776212392830464,0.119998304249282,0.056389667890209,0.0576670574281517,0.0791501280597572,0.0766613478704807,0.00429801399558179,0.0499089006798416,0.107893252969526,0.113534761440361,0.0157821207425416,0.00735884934423195,0.00502682092943118,0.0105721944392951,0.00747638887180294,0.0356076100710837,0.00395443623517747,0.0161223048804957,0.0112512901067846,0.0157428908205199,0.0164394053157419,0.0260429503220336,0.0256732487388097
"54","Phenylalanine","[M-H]-",14.764,0.00571684777992202,0.0182610978025909,0.00648898166773118,0.00922492612822581,0.0156778446295298,0.0707513151711372,0.0556234935368517,0.0490873829628845,0.0721712326907747,0.0823450261051947,0.0896945879695665,0.0202513387753952,0.0827550953552313,0.0806315878468881,0.0942077380091365,0.0381534767161311,0.0291155536297099,0.0215520806655812,0.0140446528872466,0.0121156317267657,0.0361035285141426,0.0173802967576666,0.00740138773930359,0.0150202690121152,0.00982199842006711,0.00245762916285768,0.0203541148192308,0.0235908835181219
"55","Phenylalanine","[M-H]-",11.991,0.0167236353750682,0.0150705106536711,0.00636650379198374,0.0286112344111276,0.0160522923062482,0.050412765527727,0.0541486556883787,0.0459871572657261,0.11353670847257,0.0721259289665217,0.07431475655935,0.0189590549307201,0.0713587320955332,0.084321401410857,0.0752770114679573,0.0357996413675275,0.0269527175861678,0.0217768740216669,0.0201844759035006,0.0179550766576517,0.0335159022818911,0.0178540925045206,0.012801115610522,0.0148896396069795,0.00994303896967476,0.00524698792121686,0.018001040414235,0.0218130482310053
"56","3-phenyllactic acid","[M-H]-",6.823,0.0121323994528294,0.00311034990199404,0.00167233212069396,0.00171866108876218,0.00320276720722995,0.0423968862000525,0.0345142164435246,0.0239880884094773,0.0367820799641749,0.0520331611639293,0.0416963570105918,1.81149949807402e-05,0.0959858088527988,0.0214993407615691,0.192575135043565,0.00574410774633581,0.0128165582213382,0.00614528457581795,0.0452184113439663,0.020229283348841,0.325223746131031,0.0110244671093353,0.000257114117219373,0.000101696634337705,0.000564384737768566,0.000217064111711933,0.00581671060085596,0.00331547270526703
"57","Vanillic acid","[M-H]-",15.007,0.000166248814930323,0.00311896131977243,0.00855207390676264,0.0077469184619332,0.0110551086959851,0.0266131885829616,0.0135035484796396,0.0101009970761162,0.0136464948290977,0.0216233754675834,0.0138652202436439,0,0.010837833928993,0.00841198280010945,0.0116993573930675,0.0432881980081412,0.0736327744663741,0.0245032102024457,0.0121789691058354,0.0106414438815497,0.0244625690447792,0.00042794102845984,0.170269963897988,0.17680759492744,0.149689166524922,0.143859543606477,0.00503876671379122,0.00425854859120132
"58","PYRIDOXINE","[M-H]-",2.567,0.00112005888660316,0.0148205663066834,0.0218604474380881,0.0233841949528062,0.0236169651208304,0.116633199069486,0.0965799074490703,0.0925695796302968,0.0841216278425227,0.0526238816526588,0.068880021378972,0.0019962520697895,0.0619912283890841,0.0381440899276618,0.0491590056322826,0.0162294632263267,0.0338357171422245,0.0204750400029462,0.0191209125346027,0.0288335192819158,0.0246562862818105,0.00175911451017461,0.016722388288025,0.0201396951513455,0.0140324291809748,0.0164385078346284,0.0181205437851073,0.0221353570330822
"59","rac-Glycerol 3-phosphoate; LC-ESI-QTOF; MS2; CE","[M-H]-",1.66,0.057446418923611,0.0162898192517477,0.0121022160176164,0.00915924615745483,0.00917527147986646,0.0610760438213864,0.0394147071811682,0.0284596450615504,0.0196455280863688,0.0165380062962765,0.0234293690552415,0.0409205185415035,0.131689841168826,0.0827531845270992,0.183750455828759,0.0186229102244686,0.0394112618948904,0.0438378542074326,0.0268452913793975,0.0182266390862544,0.0278362378940463,0.0490413111634324,0.00611095800483661,0.00485124755238487,0.0039048368943001,0.00346339773690207,0.0141789334398822,0.0118188491232963
"60","P-Toluenesulfonic acid","[M-H]-",11.244,0.0127640301226223,0.00423005595409447,0.0683650135615503,0.020722070867132,0.0780037639548875,0.159658492759576,0.0161438463401387,0.0596249664324858,0.0444335039212897,0.00173342918037054,0.000129190310369767,0.0114740490851788,0.039877657737113,0.143784971309042,0.108199287517498,0.036242481288685,0.027264097944103,0.0109796661865162,0.00887953422293882,0.0146884303143896,0.0618711754313803,0.0089892292898734,0.0136660283576164,0.0118860577158055,0.0210654342743953,0.00998458502864153,0.00130467111524325,0.00403427977706228
"61","1,4-Cyclohexanedicarboxylic acid","[M-H]-",1.842,0.000593195703654781,0.19215989492164,0.00701206651968568,0.00634405005650307,0.00656441755999491,0.0411749787760411,0.0460746129979288,0.0364538746042874,0.0268942040999054,0.0291161555524448,0.0333742071210347,0.000295777824878411,0.0142118709738084,0.0153438404619026,0.0172741303032684,0.00556835815930084,0.00654557301912816,0.00422279576943702,0.00451653692607614,0.00237534472887803,0.00454115917315857,0.00015853854346942,0.0212071832173992,0.020199697035952,0.0195202430727098,0.0190253755677869,0.203168043877809,0.216063873431917
"62","N-Acetylleucine","[M-H]-",5.364,0.000104195594445633,0.00211622830643843,0.00390063345148766,0.00456121904502928,0.00386453254254089,0.0821687556521576,0.692866494400221,0.0247595642404033,0.00885748009045772,0.0357792358960093,0.0153006203348241,0.000132274079182007,0.0193510899984934,0.0135694858305371,0.0261423336933803,0.00179479941641747,0.00191052288565239,0.00603175556287321,0.00916120732705792,0.00593496327076956,0.013101551778387,0.000126981023208411,0.00177695824257566,0.00869867969122352,0.000456414897387134,0.00920233969118881,0.00473193100021065,0.00359775205744007
"63","N-Acetylleucine","[M-H]-",5.656,0.0011036770784797,0.00250905925684589,0.0188626110159486,0.0225178744171498,0.013589942935408,0.239855409266188,0.00494449309412003,0.107997561738551,0.0907313095843583,0.191014856148558,0.00305163279823003,0.000996598753972559,0.0231344980574388,0.0154667944331463,0.0242124632213586,0.0920251892471902,0.0612903288060384,0.0231691712434959,0.0118157348197741,0.00786458281284357,0.016656159974533,0.00111768612078432,0.00573698773519098,0.00535529777711172,0.00419369766300952,0.00566579212648709,0.00290989203904132,0.00221069783474662
"64","N-Acetylleucine","[M-H]-",6.325,0.000708710229163547,0.00252367722902611,0.0187646139409874,0.018842918061145,0.024591036452869,0.0272341067716575,0.336131544035075,0.0262584341235383,0.0338959829257949,0.0102204259326956,0.410739908378551,0.000900580155722891,0.00342634328731556,0.00260069007616624,0.00467036895610145,0.0118430925816597,0.00816034882647949,0.00279401682356572,0.00159574857298605,0.00156820141528158,0.00217341114566609,1.54290570796642e-05,0.0102052948616969,0.0131175459402658,0.00862090286935102,0.0111850399862556,0.00384739761968056,0.00336422974422232
"65","Aconitic Acid","[M-H]-",3.025,0.0292439552215897,0.0065661294978744,0.0123696525699197,0.0147790862747592,0.0115113703386972,0.0228023461519459,0.028143336448874,0.0251703334466092,0.0206725620398794,0.0531266294224705,0.0288592519876473,0.0313638999565642,0.0666621080059945,0.06317606251452,0.0902378914199849,0.0707508751737887,0.0888568127930747,0.00620252724913434,0.0416974954898097,0.023934226656465,0.037316418821886,0.0212252594751945,0.0572100153604027,0.0496696952221493,0.0489059640030389,0.0357343543365709,0.0076995484734468,0.00611219164770834
"66","Gly-Val","[M-H]-",2.006,0.00656116156972666,0.0940527726665086,0.0233914161257131,0.0220101388982318,0.0254284834897164,0.0302155518408139,0.0433738599076394,0.0320308127036702,0.0468418856464599,0.0462288756109815,0.0538065101277736,0.00783818535551746,0.0545498291929704,0.0573124500283857,0.0470871504953951,0.0104789333605048,0.011677538304544,0.0119113445429488,0.00927900752948516,0.00883833543331816,0.0157641962510991,0.00755553570789359,0.0436634593365712,0.0333132065840492,0.0445171312827663,0.0401674874272125,0.0802981387447938,0.0918066018353098
"67","Arginine","[M-H]-",1.732,0.00489119689979962,0.069872682449564,0.0288384935798391,0.0299059330501078,0.0269901372263691,0.0540839554919888,0.062896654998228,0.0542969817702578,0.0639881320434937,0.0501468375523189,0.0475389554619515,0.00543055029898614,0.0259919309982004,0.0310513986446542,0.0239149323312606,0.00925070802391803,0.0178109129618959,0.0110769045734133,0.041848770151026,0.0342718096424992,0.0193486382542834,0.00419043240944673,0.0363000248712351,0.0373360911750365,0.0352416492437478,0.0332311503458758,0.0704806148543672,0.0697735206962355
"68","N-Acetylaspartic acid","[M-H]-",2.177,0.0110780611784822,0.0122806275464166,0.0331693465462543,0.0283969849632696,0.0439876319230692,0.129392879004449,0.154838357450827,0.0841473725167988,0.0676455004365497,0.071845532314692,0.0435830702386525,0.000325906889625482,0.0375707032181289,0.0361076268455539,0.0375437225793677,0.00999491635748446,0.00920147535288013,0.00864391950211277,0.0245192417802438,0.0192175515456969,0.0469184328597052,0.0106437616326274,0.0129047053557899,0.0155580515170049,0.0126496569761452,0.016824271698117,0.00446754586222642,0.0165431459078294
"69","2-Isopropylmalic acid; LC-ESI-QTOF; MS2; CE","[M-H]-",3.182,0.000893832324179276,0.000405170076531985,0.00451123087144387,0.0437019010950343,0.0434606991541611,0.0848869932491832,0.0804363912826628,0.0596205670985419,0.018511804938579,0.0429510127906706,0.0336168676108325,0.00347133848128681,0.0231095179141336,0.136574232931902,0.0294803925238685,0.0875456900121125,0.101022221833607,0.0733963549553447,0.0236196772019995,0.0587354103092932,0.00955357683529812,0.00200774788851352,0.00944467811579446,0.0101075972316226,0.00965314843517627,0.00817294243268137,0.000580230916150992,0.000528771489394608
"70","2-Isopropylmalic acid; LC-ESI-QTOF; MS2; CE","[M-H]-",3.078,0.000510103605766239,0.000716696331368822,0.0389593968855765,0.0489623405743745,0.0486921305931632,0.0951005388694132,0.0901146873070312,0.0661479649889524,0.0207427691044938,0.0481211470338942,0.0101027463122448,0.000447793191162925,0.0179019498856614,0.119605438328189,0.0181890722732171,0.0284573164594494,0.113176263288763,0.0822279842529662,0.0124565847697665,0.0658038478508829,0.0277504273222921,0.00225385923393899,0.0105851884500638,0.011327833228062,0.010818730356399,0.00916050806069539,0.000947695195747535,0.000718986246463832
"71","N-Formylmethionine","[M-H]-",3.373,0.000700504481532959,0.0252879225902718,0.00174094226936058,0.00202687534277594,0.000161632634733144,0.135292785503162,0.082782777648415,0.0631274290081627,0.0467221503723505,0.0415509708171857,0.0360204294396125,0.00154270042124651,0.0841420113582944,0.112172259796435,0.0894742977426141,0.0276477117348737,0.0157256880711514,0.0146293702955025,0.0289745032405792,0.0215277160138795,0.0574692877619041,0.00160943829425726,0.0111589351732462,0.0115303905239529,0.0100046210423239,0.0118133002152937,0.0356246161454965,0.0295387320613869
"72","L-Tyrosine; LC-ESI-QTOF; MS2; CE","[M-H]-",18.818,0.00409569416382085,0.00722368365533666,0.0141354745038525,0.012469141011656,0.0208333189226729,0.0510775139051345,0.0509859312756755,0.0264107287251961,0.0797594780066806,0.140026589397858,0.14371417365699,0.00302942057385786,0.055895078402063,0.0511116844632559,0.0622530848612668,0.0317994395751783,0.0539185813823028,0.0480794278714163,0.0211083434957311,0.0159665737236709,0.0391315836255239,0.00333391206545806,0.0212993250968915,0.0131389254535381,0.00847153156730113,0.0044437634927014,0.00735787572569204,0.00892972139927744
"73","Tyrosine","[M-H]-",3.1,0.00197259664036569,0.0243692387620769,0.00667880639614963,0.00563505398160503,0.00869522623117325,0.163773341923174,0.17321741442701,0.0926354578735133,0.0836332167292644,0.0672882094521819,0.0494743026586086,0.00182068867013928,0.0427899788310148,0.0518029340307979,0.0682754133136904,0.0033461026112242,0.00537091121727236,0.00371615730698963,0.0072384286601882,0.00550197808563144,0.0323631323374316,0.00214763459329769,0.0134154764279641,0.0117875725005565,0.0102964621940626,0.0106246958970962,0.0248468526554052,0.027282715592115
"74","Tyrosine","[M-H]-",2.739,0.00326048126048456,0.0537232711046174,0.0136192450957761,0.0122662073021791,0.0139876810181917,0.0698267597523878,0.085554877650682,0.0678592665843232,0.0521075371925479,0.041967701210147,0.0476772171793209,0.00264626881104082,0.0506918476705228,0.0588498644592323,0.07232420614296,0.0057800128111288,0.0113322501124548,0.00651979129481425,0.0187886882410227,0.0146393516874826,0.0676501073198402,0.00337169779544544,0.0243635159318808,0.0254022521434309,0.0245593290593168,0.0250230137000338,0.0625111539945958,0.0636964034741395
"75","Tyrosine","[M-H]-",5.66,0.00368423360909028,0.0137441730798857,0.00479600430263999,0.00408337077083037,0.0049993347713971,0.077214985448692,0.0797685960786938,0.0451921504635871,0.0277320719349059,0.0662171961876634,0.0487294562145642,0.00362546589353329,0.0464715179755771,0.0420873846966366,0.0553820850123936,0.0515430741390294,0.064729802273973,0.0536241608012208,0.0645144234809124,0.0738120793551655,0.0662874980742819,0.00239166949722308,0.0273830304373749,0.015494984837878,0.0116858462678722,0.00992101526481557,0.0160096522330884,0.0188747368970746
"76","L-Tyrosine; LC-ESI-QTOF; MS2; CE","[M-H]-",17.876,0.002966497344002,0.00429925116365454,0.214818445639638,0.205657342751069,0.267299919391434,0.0171022911852012,0.0266698833505337,0.012047438428267,0.0162492955526154,0.013141366235414,0.0152212970001232,0.00260462040896561,0.0216052018373392,0.0206288361667595,0.0300280630138158,0.00500270929028083,0.00457822190140481,0.00244295651541232,0.00652501769495242,0.00490563436643773,0.0253409589164371,0.0025990039768169,0.0160402749243537,0.021950931529948,0.00590031726459331,0.021373970772853,0.00534039727322219,0.00765985610445543
"77","4-Hydroxyphenyllactic acid","[M-H]-",5.176,0.0206527945402957,0.00374726569066764,0.00371097063095774,0.00424786222279422,0.00647385055049137,0.0530423319568619,0.0440622024878199,0.0366720646814187,0.0691542595458271,0.11280768982923,0.0771254443111171,0.0101863787538718,0.0284016811205162,0.0116928410675196,0.0645682954394678,0.0087688791813892,0.0158555077010546,0.109539902886446,0.0345060610033019,0.00967792191440285,0.230501919019781,0.0267446776210856,0.00183362496763962,0.00421910146689635,0.00167822995151639,0.00089017075086908,0.00546081269130295,0.00377725801545786
"78","4-O-Methylphloracetophenone","[M-H]-",20.818,0.000436471901330642,0.000467573160000337,0.000753985881082844,0.00162113114399215,0.00165012384275204,0.000708476129696114,0.00153872159418375,0.00278540764085883,0.0996310371584484,0.049144732957916,0.130652873404874,0.000260582862187336,0.150404105506715,0.204999992971467,0.129203765606858,0.0327877551708918,0.0143466416263463,0.00913533580925124,0.0664410741847605,0.0416300011526794,0.0595689260120385,0.000381473630349768,0.00012036362818498,0,9.98051690643336e-05,0.000863279569741322,0.000366362284329464,0
"79","Syringaldehyde; LC-ESI-QTOF; MS2; CE","[M-H]-",18.635,0.00494081970332021,0.0679990544989132,0.0368756954333451,0.0373901863905496,0.0347667667898509,0.00446207329939523,0.00366024225582723,0.00354401480516336,0.00718211849895937,0.00563126610666867,0.00578946458118338,0.000229918191094994,0.00427527918225686,0.0426868373565173,0.0445573152381337,0.0194277412324953,0.0137328267599869,0.00846177350636772,0.00982929093183744,0.0140994966936288,0.0153766149908044,0.0050713449752959,0.0899093126091794,0.117870777674644,0.100637982623535,0.110615555798977,0.0886317330919615,0.102344496780108
"80","Mannitol","[M-H]-",5.259,0.0740082833421213,0.0209093241488128,0.0271972757072648,0.0271085852308583,0.0514417101439914,0.0513863330298358,0.0456291453453286,0.0184630782345079,0.0285231330092236,0.0414009611521923,0.0768969655446209,0.0441069641982965,0.0206598005335218,0.0204232684037275,0.0299854371979616,0.0277578691931598,0.0339131479276585,0.0275535617536473,0.0318649204852138,0.0337281462710626,0.0278088916194395,0.0418968149449985,0.0362501637544087,0.0412861425485303,0.0343026021800293,0.0358307347338251,0.0268208129403905,0.022845926425371
"81","Mannitol","[M-H]-",1.742,0.0977210932357038,0.0394638962282569,0.0242352181169097,0.0236105055128594,0.0374698156176564,0.0339153504153717,0.0275678313165426,0.0217559138818039,0.0545977226876802,0.0480476593124267,0.055925336179189,0.0386720374390371,0.044379113030604,0.039204610370405,0.0676242060333765,0.0195717562694287,0.0281038458278666,0.0151621598803443,0.0264126278124319,0.0302540111649979,0.0208417063912902,0.0455601266048715,0.0185112157887645,0.0219395170118721,0.0184852562394368,0.0176085715798199,0.0481627226836585,0.0351961733673944
"82","Harmane","[M-H]-",18.505,0.063114928715589,0,0.00961988822818137,0.0115631650323001,0.0435225714792582,0.247136116222501,0.143498150621025,0.0554932456656688,0.130778149492766,0.0704233715778324,0.0359331774060298,0.0207510490206048,0.0132755942099555,0.00729805100767587,0.0429640092962562,0.000110227885947912,0.0035001993009251,0,0,0,0.000366312873503666,0.0227466562352241,0.0171016523791038,0.0225377057308851,0.0143864092356865,0.0103391530193162,0.0127159186139641,0.000824296749799029
"83","4-Pyridoxic acid","[M-H]-",6.334,0.0210635380855687,0.0117193585648674,0.101405819363224,0.10667260532971,0.1103372228829,0.0619218374415763,0.0163148970355105,0.0295062725125181,0.0161026138702581,0.0128781304612549,0.0236824793300071,0.0315484033661734,0.0178619485202164,0.000961083556462457,0.0180502503842445,0.0257617554449859,0.0230873538643034,0.0167914323911029,0.0134017699001588,0.0112793388898981,0.0139635275887414,0.0444512019439621,0.060316921767043,0.0650507962879464,0.0510470327689886,0.0538606861536774,0.021174000881184,0.0197877214135163
"84","Azelaic acid (Not validated); PlaSMA ID-221","[M-H]-",18.704,0.00817274233836366,0.10423130246577,0.101130068017862,0.0976983515431562,0.098419343136407,0.0283184828809218,0.0245971203529271,0.00912352491064328,0.00851320819537938,0.0146208019598814,0.00604890762237843,0.013043567576283,0.0201402983011334,0.0191820901353606,0.0185690714622063,0.0276057121382737,0.0206478256396296,0.0350728218851537,0.0107285166417898,0.0107100053558171,0.0141450465801252,0.0114570008984106,0.0253006067083559,0.00603773569720028,0.0410810851622442,0.0323086327305482,0.0875432536030273,0.105552876060751
"85","Ala-Val","[M-H]-",1.979,0.0380683859317781,0.0432021595615892,0.058245529184514,0.0517411087690023,0.0634844722495136,0.0114116500770999,0.0133366335359452,0.0137153722407016,0.0192180283333446,0.0214924604472239,0.0208436342138674,0.0494858001579931,0.050917161137498,0.0461917564863016,0.0540668553163909,0.0303478202380301,0.0283790175346775,0.0316476717665253,0.0432813967370189,0.0410174705392932,0.0319274116590187,0.0487243093004461,0.0308236095871964,0.012722186609579,0.0281640911948912,0.0217225109466154,0.0449786992977402,0.0508427969462046
"86","Gly-Leu","[M-H]-",4.261,0.0325204678478762,0.0304195876337503,0.0523893000025829,0.0383093891595486,0.0527509499749888,0.031352193092322,0.0170861157313535,0.0112620579920701,0.0260506273281322,0.0250674492558306,0.0222218571199103,0.0311323267819205,0.0242880594070029,0.0229274283757143,0.0617118699839082,0.0176614881064186,0.0272772539238862,0.031838555221886,0.0273359572811955,0.047476940095524,0.0188665040416062,0.0323528247532847,0.07137481551083,0.0717766912672604,0.0499931759830673,0.0537913642027508,0.0336409668432251,0.037123783082154
"87","Gly-Leu","[M-H]-",2.375,0.0480946084448189,0.0478676816420124,0.0390769099939531,0.0346622795704687,0.038924985340001,0.0114501379251452,0.0132674679970852,0.0118921405087597,0.0255161737694946,0.0260249722737536,0.0258720027200811,0.0549405048896026,0.0209948841480231,0.0217454707414002,0.0197693400340705,0.0359625625491402,0.027844145040471,0.0311836124823238,0.0175592000335992,0.0178131121365347,0.0103657679414158,0.0473995692147914,0.0758351789771871,0.0701836164448236,0.0681972444258755,0.0573954508919827,0.0480600349723112,0.0521009448908738
"88","N-Acetylglutamic acid","[M-H]-",2.317,0.00185197456197371,0.00634310108139511,0.0152494492446883,0.0194441039867487,0.0148182209990231,0.142231573404361,0.159091870773361,0.0705567547465107,0.0436992274117619,0.109127824489664,0.0337364750769495,0.00165541370125708,0.0284733376719048,0.0216596251042536,0.0290601869500167,0.0812761218997207,0.0506503316405961,0.0718622758391102,0.0184625480979304,0.0143875807975923,0.0269613878960899,0.00196193254454652,0.00578150311452126,0.00592072494546031,0.00627007038996402,0.00608649052710424,0.00647783553734828,0.00690205756614693
"89","Ureidoglutaric acid","[M-H]-",1.938,0.0103423623988345,0.00941947129441615,0.000600105503428444,0.000181350807331558,0.00178273829428767,0.0166322096340241,0.022901387769497,0.00684536563482539,0.00858775177847332,0.00733091881587853,0.00972824994587319,0.00897413752666511,0.0183198068613586,0.0174424825887012,0.0162883124755254,0.0123055223390903,0.0105697667414983,0.0106857791745875,0.319737698884857,0.331297825223243,0.130428460134183,0.00968739845001094,0.00121634175379182,0.000205458436175536,0.000187336629176143,0.000381404937617844,0.00777791496076275,0.0101424410058858
"90","(2-oxo-2,3-dihydro-1H-indol-3-yl)acetic acid","[M-H]-",12.637,0.00130532497943443,0.0184104772365846,0.263429442621144,0.220403461123303,0.307486654604428,0.0345211123336822,0.0226370564083618,0.00838332837714751,0.000609196898382266,0.00148970595001532,0.00101148265237693,0.0094085191473225,0.00156116460368542,0.00112827310153766,0.00132812660111834,0.00150354979175197,0.00150198896645814,0.0020678899284287,0.00924788986599568,0.00946708402682611,0.000663147163973655,0.0115135295729568,0.0125875809610259,0.00987914190439959,0.000882816358589161,0.00888516764010138,0.0200785244419133,0.0186083627390557
"91","Citric acid","[M-H]-",1.724,0.0935371726647769,0.00203721814483706,0.0428228996259687,0.0448145876585789,0.048510010757651,0.000756870485161919,0.00280846524868946,0.0043450363298458,0.00431567910531171,0.00802388888401594,0.0019354573890981,0.0982944003506141,0.00162499212748444,0.00648882583074088,0.0042536038837589,0.0776343906135289,0.065099611130972,0.0705215248250563,0.0109077996725826,0.00601674593673568,0.0235842933377248,0.0940004350361246,0.0734598353267715,0.0709235938564504,0.0736278055767265,0.0661137328073318,0.00191314745735123,0.00162797593610991
"92","Citric acid (Not validated, isomer of 227); PlaSMA ID-228","[M-H]-",2.123,0.115964660733889,0.00236988123570901,0.0413763360567618,0.0415197339591759,0.0464389545366737,0.00705348147093681,0.0113930372852242,0.0143745461255221,0.00870967259521458,0.016750155864018,0.00974403524855792,0.113731908826958,0.00798925874107194,0.021389807463337,0.0104700127128802,0.0588793821857628,0.0631955678907307,0.0652582201765913,0.0104849958630188,0.00834238552822304,0.0236463226646161,0.128865774082464,0.038971873916881,0.0374285737929781,0.0464023252831786,0.0443749777123441,0.00308876491123283,0.00178535313604759
"93","Citric acid","[M-H]-",11.372,0.127925912298901,0.00536920316765557,0.064039353716026,0.0392290372329043,0.045344532033417,0.00228174913659936,0,0.000148978435403281,0.00111880133299441,0.000620086160679413,0,0.143638748031538,0.000225948506640672,0.000647439161201792,0,0.0357164030727979,0.0194310626780649,0.024046468040627,0.0053258200365945,0.00199002620544673,0.00585010708381646,0.0964649999910944,0.087726543275373,0.0856201077886333,0.0930703017913798,0.0673706947331352,0.0314315237351527,0.0153661523539229
"94","Citric acid (Not validated, isomer of 227); PlaSMA ID-228","[M-H]-",4.355,0.149183568534927,0.0154329207262315,0.0493395013210223,0.0513581924582272,0.036917224095036,0.00128998224211828,0.00345177296852185,0.00150725202233894,0.00194551721571392,0.00300004775867064,0.00150525948327692,0.144729216328368,0.00302958299914198,0.00308026821153201,0.0035136558353281,0.0165989608120078,0.0412793591031316,0.0147342244507665,0.0149613427704134,0.0126950994103683,0.0310114836045272,0.12324484031491,0.0771002612239466,0.0832666507305053,0.0433248457395976,0.0400425631250385,0.0184005585917215,0.0140558479226109
"95","Citric acid","[M-H]-",5.27,0.0788008656488778,0.0120709763878025,0.0505461365129527,0.0489533643950748,0.0380053793213578,0.00306442654474443,0.0063717072373882,0.00557652433432021,0.00337270945477009,0.0395908179177364,0.00152961216396544,0.074882015097704,0.00867606011324241,0.0177596348492975,0.0137162290189096,0.0299935070834026,0.0225898358675386,0.0247579227470345,0.00450055922684883,0.00663958702740381,0.0206682928139464,0.0802500840834074,0.182484782255371,0.0575214842387498,0.0718992427314031,0.0685839180823648,0.0153076719360158,0.0118866529083692
"96","Citric acid","[M-H]-",1.901,0.115274635084728,0.00251044989669678,0.0527745638373888,0.0997223900811666,0.0348446942736389,0.000828100442048885,0.00164040788322983,0.0020839347384486,0.00149395810022277,0.00284808673510211,0.0013499551665623,0.121137423832131,0.00325625684572172,0.00799659375448776,0.00533728112238186,0.0509214066166827,0.00525694005085851,0.054982446100681,0.00989504473127933,0.00848860344133767,0.0193827401042886,0.115845557814771,0.0936030633070429,0.0898964398615095,0.0478161234678119,0.0464492556386122,0.00235754566790822,0.00200610140325997
"97","Citric acid (Not validated, isomer of 227); PlaSMA ID-228","[M-H]-",2.932,0.010050201214289,0.0584763553725566,0.0252950700802643,0.0198148018712793,0.0196375047152562,0.00323132845613713,0.00636734869699974,0.354560706139529,0.0546176471838951,0.00712230909638828,0.0244941731332994,0.0428220906800369,0.0205650046074749,0.00741363958245443,0.0538320391403697,0.0102031666331846,0.0185419491004044,0.0194586394945522,0.00346576558359021,0.00344134873230466,0.000520267929461345,0.0195701717777975,0.0510574692661041,0.0501229823744761,0.0526769363511056,0.0498406281584616,0.00606025463238197,0.00674019999594529
"98","Citric acid","[M-H]-",9.953,0.12270908637348,0.0278786756077783,0.0388884942758058,0.0399781567452414,0.0162756114150895,0.000525170032463713,0,0.000601769167257166,0.000401861336245767,0.000813610097902559,0,0.116003820864854,0,0.00108443463531027,5.4892258316376e-05,0.0215726575183358,0.0181051260618328,0.0246901513855749,0.00363811795698515,0.00298270666565898,0.00236741331881662,0.112243530697331,0.118915042581277,0.103036973856852,0.0868367114423083,0.0670458361721799,0.0424038717794127,0.0309462777536906
"99","Citric acid","[M-H]-",8.642,0.140419950144994,0.00376852881992813,0.0295812737378614,0.0407752782699976,0.0239661142774857,0.000313133067228865,0.000943671482700152,0,0,0.00177940504214605,0,0.0849108312124809,0,0.00277271037779781,0.000321551973932049,0.0266161850591296,0.0242052363589209,0.027770957486029,0.00571480413225072,0.00295566452943715,0.00458516277013696,0.135267327931997,0.0822455561366416,0.174882681906815,0.0430182258021145,0.120271621574416,0.0144801425635043,0.00843398534205515
"100","Citric acid","[M-H]-",7.279,0.0793815968677904,0.00272939634172791,0.0390491083983159,0.0456011839825649,0.0340090114577259,0.00182402494218345,0.0611979506718018,0.0294748128534829,0.0194103669985035,0.00167545548503753,0,0.130422799196526,0.0230977028841753,0.0374049808372861,0.00267587546976474,0.0308186631035403,0.0293712457630244,0.0266675170227196,0.00584117269330366,0.00316983669016616,0.0188521807317463,0.13532245288566,0.0820338783196531,0.051090632076454,0.0456041542508518,0.0587621625481001,0.00271286371635709,0.00179897381153681
"101","Citric acid","[M-H]-",13.544,0.0969656215264689,0.0263144262195139,0.0676830622191921,0.0347647522577484,0.0713854413730002,0.00567708131192182,0,0.00621810472900773,0.0043753270001834,0,0,0.10425627852845,0,0.000731247783561317,0,0.0224293184054401,0.017059727619362,0.0336773751436052,0.00430353479182009,0.00077955344580113,0.00201534554289484,0.109355524177234,0.0965178780088806,0.119316984587329,0.0861889614232647,0.0328070403670431,0.0333898731676538,0.0237875403706244
"102","Citric acid","[M-H]-",6.479,0.0546967596248676,0.0166106923715146,0.0518809674431527,0.0157270458290101,0.0456731702277769,0.0238901213163385,0.0117707447542099,0.0241150586309095,0.0250192741897139,0.00654877823047417,0.00514728116659609,0.0447377306218336,0.020470757688456,0.036842312713699,0.031563045356824,0.0146422154805341,0.0128198046420124,0.0129677934068031,0.0106158355468893,0.00523987178232589,0.0275915428376502,0.0405789639328408,0.124666724855419,0.110791371171484,0.0967597370258276,0.0837263310607007,0.0263844199735683,0.0185216481185679
"103","Ferulic acid","[M-H]-",16.249,0.000466264047661511,0,0.390710718516783,0.306072720095087,0.274911419544779,0.000953995669184104,0.000801197055231696,0.000388261958021471,0.000919608695669068,0.000483457534419029,0.000549803022867532,8.34418368627579e-05,0.00145542379710675,0.00124395362382361,0.00060254914325924,0.000744662539452738,0.00118916759822338,0.00142249389874066,0.000249645542185434,0.000649758378084968,0.000630913539491982,0.00175121005234202,0.00458988385751126,0.00342315521658159,0.00214802018457062,0.00323732956591983,0.000245274316738607,7.56707694017327e-05
"104","Ferulic acid","[M-H]-",19.13,0.000616508052198559,0.0401996526409666,0.0704827872152303,0.0704524944803513,0.0421655563601247,0.0030009990986244,0.00194694882131951,0.000366145443247825,0.00163924764640719,0.0112121555372926,0.0028533264037971,0.000495828535959846,0.00281395988911946,0.00379048814443099,0.00459759822489488,0.0387865650071033,0.0330126223121823,0.00578494706616618,0.00299108287892183,0.00279942780077658,0.000535756677240107,0.000765461957713097,0.138547052322082,0.147414293937602,0.158539625512296,0.10544299017866,0.0527644858506777,0.0559819920046135
"105","D-Gluconic acid; LC-ESI-QTOF; MS2; CE","[M-H]-",2.544,0.00717998157876092,0.0527467577918493,0.139258163622024,0.107238900736305,0.155659956851011,0.00763924736080325,0.012362317588079,0.044954713805107,0.00405144633198561,0.057296301659858,0.0453213283846691,0.00816907209431425,0.00195949507430393,0.0324705482070435,0.00328892304266549,0.00628130384377917,0.00189273170781081,0.0235995848603264,0.00202275482389654,0.00368687552894883,0.00292785585652922,0.00569220959103448,0.0452509640785838,0.0525751778864159,0.0481609125598437,0.0460903722943318,0.0392475165195537,0.0429745863201667
"106","D-Gluconic acid; LC-ESI-QTOF; MS2; CE","[M-H]-",1.677,0.0131395074171833,0.0419005013719676,0.0748358127776568,0.0900908792054923,0.0975151054520752,0.022751116137373,0.022296554137298,0.0251487375430678,0.0199034585676685,0.0203183218154346,0.0233370999948577,0.00967874891020011,0.0215716218014872,0.037693338415067,0.0293990419984878,0.0209135963456131,0.0349726242874535,0.0234147315508684,0.00631863050552735,0.010468568002138,0.00534969566597706,0.0110445688440269,0.0775301420018054,0.0679438161269272,0.0613940967354022,0.0673023499958014,0.0331298142371915,0.0306375201559513
"107","Acetosyringone","[M-H]-",4.55,0.000479727577396448,0.000351105435136734,0.00221635305930063,0.00229079466151436,0.00197457968167606,0.0131138915732818,0.0012078959107027,0.00765932881768417,0.0051949233934418,0.0192070338122172,0.000664083823574438,9.31491005091741e-05,0.128799766395779,0.214749781384434,0.204268597988225,0.0158408492919406,0.0154908442978801,0.00360724584779308,0.145275699652345,0.119504081697781,0.0955321380256055,0.000556693720902639,0.000161894301857849,0.000343661274915362,0.000212320395879146,0.000221641779112865,0.00081134873230159,0.000170568366811448
"108","3',5'-Dimethoxy-4'-hydroxyacetophenone","[M-H]-",3.629,0.0108364827268114,0.000994855947254408,0.00261481680919441,0.00302050139281569,0.00148421189129736,0.019767619287672,0.00254902542828193,0.0128447689689657,0.00883982715093984,0.0248307781453878,0.00778265166345435,0.0142177083664243,0.110191536242632,0.175564386760969,0.179556135584405,0.0159728974229047,0.0226787576990237,0.00435247307023377,0.151256467822199,0.113551062877986,0.0980671742150559,0.0131803223708228,0.000987044305721264,0.000530150072049374,0.000569729055817303,0.00228829019310899,0.000867439394247125,0.000602885134324648
"109","dihydroferulic acid","[M-H]-",17.162,0.00258869142333792,0.00335654298228977,0.0141900643129929,0.0149383484103036,0.0234511078799843,0.0522435998221112,0.0628717770125572,0.0461215730198661,0.0846074199966819,0.0902729995906061,0.0590206416924438,0.000274705842805977,0.015571740291208,0.0150265161946632,0.0130044436411041,0.0718547646654889,0.0613306680978577,0.242304258191819,0.0132400145606279,0.0134623374711028,0.0285544084691629,0.000843913404008162,0.0225477307112224,0.0222949526075318,0.0225552683715433,0.00121150758612215,0.0020232907612877,0.000236712989269341
"110","N-Acetylhistidine","[M-H]-",2.037,0,0.138566226483262,0.0247760026523098,0.00835092818511404,0.0314045004342789,0.0467223334497912,0.112294827445609,0.0256884266800603,0.0207251359519391,0.029964354179291,0.0111158253335433,0,0.0297507911754158,0.0206320531430361,0.0278255366330184,0.00550194155257192,0.00631225150011124,0.0128796174414188,0.0204359075909695,0.0107344248801051,0.0167104702298371,0,0.0412384544398356,0.0517726734904372,0.037668446016847,0.0409038420432166,0.132441089263909,0.0955839398040723
"111","Syringic acid","[M-H]-",16.716,0.000165916323577545,0.00249959339144322,0.00405454577080617,0.00336974769418844,0.00417149554739472,0.00516029250648609,0.00288596498145612,0.00205866875124118,0.00238540865179211,0.00587228951787617,0.00339440730932436,0,0.0082040338813519,0.00525773184386813,0.00794364075996815,0.0128208132343245,0.0164021285762208,0.00563332543275755,0.00767282232074375,0.00626489654832962,0.0189120203195229,0,0.234883835790156,0.24405530813099,0.189150844318842,0.199854485698968,0.00360045899048868,0.00332532370788237
"112","Ala-Ile","[M-H]-",2.414,0.0487231330366564,0.0645904262739482,0.0570113461064733,0.0513047052203067,0.0607725416583104,0.004371297931324,0.00376521049161346,0.00540129553267083,0.0105992164900926,0.0114418879110999,0.00932094483532302,0.0611695616747948,0.0138474821392316,0.0136926526455586,0.0124207520048482,0.0576235264445785,0.044165996866834,0.0521762307959824,0.0414697272338403,0.0416384245788991,0.0212657228425564,0.05342453214774,0.0348494023686433,0.031350568787737,0.0293145425175106,0.0239111450692675,0.0684310466532037,0.0719466797409552
"113","Ala-Ile","[M-H]-",4.244,0.018252072969158,0.0342748925749911,0.0473235785708373,0.0293692623181505,0.051765736405113,0.00818714602959966,0.00538826737398086,0.00612862222424756,0.0114078634609467,0.0115900860891297,0.00934883683377294,0.0366159447787858,0.0172368469784762,0.0159059494481329,0.0177365225722031,0.0386200776293681,0.0310772762147665,0.0374559301814374,0.0368325891522484,0.0336473709415132,0.0212121275681373,0.0259578892183537,0.0235844409229039,0.194595263056408,0.133380599542329,0.0256623305515602,0.044949555621877,0.0324929207715723
"114","Isopentenyladenine","[M-H]-",19.794,0.000304207582265737,0.000471608070599706,6.39319870070052e-05,0.000255360034866847,0.00166121282573581,0.00456014212768426,0.00831158282609665,0.00873479616549583,0.0666284225652462,0.0468191855393147,0.0694980603193628,0.000197739173624588,0.209212177642625,0.0605832131129911,0.0940318400539983,0.00542674742832238,0.0126216572082325,0.00658094761694863,0.0828422140731029,0.0278807140628438,0.284029130232061,0.00036120582123524,0.000241464237779446,6.15264009531781e-05,0,0.00472233522973701,0.000608160455419892,0.00329041720644952
"115","Tryptophan","[M-H]-",6.402,0.00155978090203786,0.0391837690770946,0.0192102575364207,0.0176670289192434,0.0190867201681213,0.0578933071892348,0.000836997463801284,0.0590924792774645,0.0790759854601786,0.00302323068637584,0.0996115614721838,0.00134977998358199,0.106111784583398,0.0940610232930939,0.0977806485022872,0.00265720424100608,0.00571235757121971,0.00274144897730315,0.0216112343504938,0.0172227009652248,0.0419332234150467,0.00162082023845335,0.0311837216057883,0.0305786820032908,0.0275384559345939,0.0235961759148306,0.0513496352450647,0.0467099850231661
"116","TRYPTOPHAN","[M-H]-",14.904,0.00197265865925855,0.0037441282660685,0.00257389956818542,0.00122322943888751,0.00259257242711581,0.0321024167960669,0.0350852331133541,0.0204793480066377,0.0216889343129061,0.0483570461875995,0.0160862593032647,0.00154978441964314,0.0619024135015961,0.0408578500007356,0.0437491881707376,0.0267966842535239,0.0320792800550353,0.0303863370502592,0.233449214036105,0.231386334661139,0.0706184890978796,0.00246154805670866,0.0107487137418033,0.00792835758436831,0.00504142042488864,0.00396971149112649,0.0052954844751839,0.0058734628999214
"117","Tryptophan","[M-H]-",9.856,0.0283546580808817,0.0310380846298339,0.0609594337721691,0.0516501635155436,0.0691604907375609,0.0265558191154009,0.0304954501714969,0.023158822517642,0.0452141845073519,0.037016077532975,0.0403473548864594,0.0247627162435601,0.0491090740330564,0.0444126063932697,0.0570496304030007,0.0166579437071242,0.0164149791693759,0.0125718783748205,0.00949192386695967,0.00852481847926816,0.0189929435395484,0.0282292834627519,0.0741830962728748,0.0773428644265254,0.0505916084063927,0.0193534160527203,0.0313034199327779,0.0170572577686579
"118","Tryptophan","[M-H]-",7.76,0.0180192007339855,0.068877697713941,0.0375832162541744,0.0306982075613663,0.0403611391560288,0.0383769829344505,0.0367699260442744,0.0197666930767679,0.0292733123967665,0.0358399411922511,0.0492034623181242,0.0177354769623095,0.0476873002342278,0.0466356840407227,0.0492888994668216,0.0136244715809102,0.0141109225242341,0.01096830405821,0.00937647899419538,0.00978711811219426,0.0189562061182624,0.0230543860043432,0.0478898289455999,0.0505377355593233,0.0533172957584524,0.0395310046302271,0.0770357794604232,0.0656933281674124
"119","3,5-dihydroxydecanoic acid","[M-H]-",17.519,0.00029692957396777,0.00069223068160946,0.0549330601678051,0.0462716462748406,0.0193222019832572,0.0963304150988325,0.096891967728329,0.00169518473157639,0.0173068560240041,0.0458520245297224,0.00111185242672773,0.000327421119460793,0.0152907840755726,0.00960193287358859,0.0388622007200361,0.111636081952562,0.0542437334429093,0.313658179611175,0.0155982404926272,0.0316302595193516,0.0109885722043427,0.000988434266398825,0.00054993680264202,0.000453017247324911,0.0125429150353085,0.00194710297648303,9.72825499063111e-05,0.000879535889638029
"120","N-acetylphenylalanine","[M-H]-",6.436,0.0189943285004838,0.00196507691308811,0.0557813087490182,0.0616635957845558,0.0629911604942017,0.0156911092273924,0.0370370860076405,0.0133059882514316,0.0139533126173763,0.0166025964930496,0.0145849792771999,0.017117769819333,0.000991167592361851,0.000794019674847203,0.00131023684820536,0.0135083554043199,0.014698341069516,0.0181565368383027,0.00271887368065559,0.00190244608860411,0.00490065324645835,0.0226857892955709,0.163780649872745,0.17495705091211,0.108651188826995,0.132601007340263,0.00284531835630829,0.00581005281796608
"121","N-acetylphenylalanine","[M-H]-",9.576,0.00149453269593923,0.00239073105147628,0.0141998015058354,0.0164816008693443,0.0117349969065413,0.134367101257644,0.310615150977911,0.067421570140646,0.0893176746488923,0.135127600415746,0.0513174515326442,0.000172811443645648,0.0196396638379179,0.00973247524614184,0.0244795415019467,0.0269824948337197,0.0164921770544763,0.0147141905214317,0.00696482545983814,0.00606125094473711,0.0165506026785261,0.00160895876742904,0.00423371433025588,0.00411907693632289,0.00342800223228953,0.00459012472512233,0.00324595297898531,0.00251592450459428
"122","Mucic acid","[M-H]-",1.722,0.00938881420110475,0.016852108349642,0.02702929988768,0.0484080646523694,0.0265330699528839,5.57698942305637e-05,0.000118188753953336,0.000120359844726302,0.00282095930324269,0.0035433558346538,0.00357568473319499,0.00134699220815876,0.00303437074156658,0.0131572510869871,0.0110255113342811,0.000143563377362376,7.97197393198448e-06,0.000181014693196039,0.00396780408076865,0.00455209888504312,0.000684402442884199,0.00414542644463193,0.189912840882453,0.184366653809738,0.236340768979998,0.171270939576848,0.017112130392998,0.0203045836814711
"123","D-(+)-Pantothenic acid; LC-ESI-QTOF; MS2; CE","[M-H]-",3.351,0.00423144643919728,0.00323643988724512,0.0113496117492796,0.0137676179639181,0.0104871064133032,0.0680230737692688,0.0547281115433081,0.0815547561787663,0.0426644104018,0.0941568866231091,0.0565770067510514,0.00364208032422846,0.0637774470456088,0.0788636862156123,0.081686024202701,0.0731537236877332,0.0478444364182218,0.0493359351995575,0.0314982580407695,0.0272561685561741,0.0337609959789794,0.0034218387761408,0.0147682123283057,0.0153506734222503,0.0119773420984029,0.0111886972760349,0.00662711564418708,0.00507089706484516
"124","5-Hydroxytryptophan","[M-H]-",4.407,0.00666652386895818,0.0247814961040729,0.0070832986204585,0.00723626470047804,0.00709744991007874,0.0366613660818036,0.0400198470460339,0.0391937310998377,0.0578533352634885,0.0560896550824136,0.0691775606359358,0.00786117904250172,0.113376938761093,0.100752556771863,0.139191313817292,0.0118805858017193,0.00875733561281059,0.0092374332556077,0.0294793388143058,0.0236270922640406,0.0653651921995669,0.00635728790589492,0.0266332776991259,0.0160946416224448,0.0225705360569078,0.00831468107095418,0.0296087377660862,0.029031343124227
"125","5-Hydroxytryptophan","[M-H]-",6.514,0.0297055111403528,0.0419392303831551,0.00920654683731819,0.0225767659524209,0.00940518611475852,0.0253017076293265,0.0262200681915745,0.0258371081190581,0.03470072334837,0.0345264887770588,0.0498423602333185,0.0038211757617838,0.0485249016405302,0.0462319272174929,0.0201101502653527,0.00303563692268285,0.00191218981054868,0.00280507771356303,0.010817296995662,0.0085496765704023,0.0202031017392645,0.00432390479728094,0.147690873775102,0.152568017834342,0.0129207295195568,0.144445759828659,0.0354348026693607,0.0273430802117031
"126","5-Hydroxytryptophan","[M-H]-",5.09,0.00328627001338386,0.0198343806931965,0.000917795168674946,0.00985077026797664,0.00630659697462848,0.0240258344679221,0.0155071440995166,0.0277315388701966,0.0413792886010218,0.0102870724141754,0.00899703053904833,0.00491524346059119,0.0778334548057081,0.0751967773650461,0.109656869880228,0.00684604992330688,0.00395041825206945,0.00510604354403667,0.0182465519624138,0.017639943269686,0.0420914652826348,0.00577959779069163,0.0204452982834298,0.0119110012984495,0.0163489029914784,0.367648587338462,0.0250666434056265,0.0231934290363991
"127","Cystathionine","[M-H]-",1.696,0.0224117718903193,0.135421345940873,0.0467543526711893,0.0393031829933647,0.0358119331606393,0.0729759977419155,0.0982562988671788,0.0233269371668314,0.0154488164288875,0.0265158434456013,0.0203743255968676,0.0178304836950682,0.0112624373635993,0.023827638544927,0.0116426196717231,0.0312243591267983,0.0229766416442047,0.0259829099775264,0.0146509586342274,0.0114216222642248,0.00517416426527384,0.0184745021930129,0.0020040521156659,0.00196786892714437,0.00244728296951128,0.00196986560528469,0.138299943081996,0.122241844016144
"128","Cystathionine","[M-H]-",1.874,0.0282259648060823,0.170728800296484,0.00151424645760193,0.00142684381476768,0.0454016298641283,0.00527671642085312,0.123864411737984,0.0293799701011292,0.0194458158232753,0.03340111778402,0.00581104350576117,0.0224490510931791,0.00201024746364484,0.0300113446259164,0.019031422588914,0.0162851598811612,0.0289382543823214,0.0327290992319065,0.00257759865335187,0.0131961871612831,0.00721176377494159,0.0232611456686735,0.00249223420657823,0.00157083637175524,0.00223856538706142,0.00305216529690122,0.174358654300367,0.154109709299956
"129","Sinapic acid","[M-H]-",19.584,5.7048288663683e-05,0.0337329106535569,0.0139039996220893,0.0135906450451643,0.00370539869163778,0.000161609417165419,9.09155724236793e-05,4.58687969370823e-05,0.000223425430241917,8.87783166524174e-05,9.8258964048015e-05,8.71342737514467e-05,0.014323449767557,0.0177578005862547,0.0229885970828432,0.00817089321782434,0.00829282639964633,0.00615502261408411,0.00836773995450056,0.00672720434505194,0.00712588474853734,0.000187859302150918,0.199311047381919,0.185973036929204,0.195660395318884,0.132783042946949,0.0656362207640536,0.0547529855682078
"130","(E)-5-(2,3-dimethyl-4,5,6,7-tetrahydro-1H-tricyclo[2.2.1.02,6]heptan-3-yl)-2-methylpent-2-enoic acid","[M-H]-",23.876,0.0199166068610247,0.048348339764179,0.0279207393318076,0.0502165019049689,0.0202540649918051,0.0482425995103063,0.0299075430493111,0.0444802196159301,0.0517656725143388,0.0625653445677715,0.0481249698020507,0.0205568666278952,0.0294817993955604,0.0307329747440163,0.0514110126197704,0.0261322618320941,0.0495643526837155,0.0360247938128291,0.0387019447858798,0.00775192425759844,0.0158600262124524,0.0320084349354668,0.0476549569032575,0.0285076230375127,0.0240614730325672,0.0186439293078339,0.0575191565671654,0.0336438673308909
"131","Gly-Tyr","[M-H]-",2.844,0.0240948471727594,0.0282156664122142,0.0398795097665442,0.0353095602813047,0.04031658308092,0.0093672271401526,0.0102436927034305,0.0104597203651485,0.0250151318118487,0.0263126616365653,0.0250784307017457,0.0267505639604834,0.0259657822682079,0.029440302612169,0.0209311328211009,0.0901682944765673,0.070221874089152,0.0797987279440722,0.0550402509919987,0.0498768968583575,0.0221161790400066,0.026323541909269,0.0895904786458507,0.00530832001426355,0.00241540907924756,0.0717181140628881,0.02853297650012,0.0315081236536116
"132","Uridine","[M-H]-",2.827,0.00339748534929919,0.00298700397282992,0.0641702626505809,0.0290815371769899,0.0489025798242135,0.0363335041811913,0.033507210420359,0.0364549332954859,0.00609148556709771,0.00211938201213909,0.00286778630150014,0.00266268926999354,0.00263814449188979,0.200916058531771,0.25900094009336,0.0413820058331224,0.0343905985514787,0.0308251492582521,0.00310788084827395,0.0715328801612403,0.0208160327774156,0.00230568924113159,0.0115200792895586,0.0128945806444624,0.0117799076687736,0.0111083578632379,0.00946669479519299,0.00773913992915932
"133","Uridine; LC-ESI-QTOF; MS2; CE","[M-H]-",2.287,0.0110848235311172,0.00786410853950935,0.0820049400910528,0.0758936729362884,0.0797238465575877,0.0549599039528241,0.0576245580178885,0.0448108882305722,0.0521938773584709,0.0534905908586906,0.0726089106810361,0.0117984476921981,0.0414672392625184,0.0393647722114782,0.0463547636791323,0.017128798513719,0.0167495630571962,0.0124710034798469,0.012180694388555,0.0111042731424318,0.0163742448577635,0.0149013429653505,0.0334701357666197,0.0386151851172694,0.0360600996208078,0.0424933622221895,0.00934605517353224,0.0078598980943534
"134","Isoleucylisoleucine; PlaSMA ID-377","[M-H]-",4.766,0.0459526651076081,0.0755075947324059,0.0771918555263589,0.0732399841280688,0.0852210182229511,0.00318390908694882,0.00304163392827678,0.00441818420886415,0.00457724760441591,0.00490548346612631,0.00439405981967513,0.0530206080451676,0.0261643406123027,0.0186717859310112,0.0313049488530014,0.040840172359976,0.0283342596366624,0.0354778281678461,0.030961750738369,0.0283594181172705,0.0283478696604436,0.0511281051141254,0.0236325350395146,0.0234012008787728,0.020889013415293,0.0173053553639744,0.079307612322718,0.0812195599118514
"135","Isoleucylisoleucine; PlaSMA ID-377","[M-H]-",5.409,0.120931400263959,0.00392274030023734,0.0758544321733364,0.0872539400620004,0.0898345304889286,0.00224918296634908,0.00165462745252883,0.00243024113585491,0.00344726295576084,0.00342607984895299,0.00269832795311619,0.131814356809168,0.0158167631386631,0.0136975807445312,0.0167546915008756,0.0515887953062009,0.0339748068218612,0.0452046549608019,0.0404205581657291,0.0375023167790211,0.0178665748681169,0.129079888423885,0.0174178050251967,0.0182457290689224,0.0151022069512659,0.0135456784335273,0.00421448456728683,0.00405034283392166
"136","Isoleucylisoleucine; PlaSMA ID-377","[M-H]-",12.944,0.022219939602797,0.0246280275129712,0.138155994211519,0.0633132115140161,0.151161709678926,0.00964550315659056,0.00346066268221085,0.0122694573276392,0.00837434112039124,0.0022121756734143,0.00207317775543532,0.0916912350588576,0.0128188732416083,0.0105912785495601,0.0088339639258454,0.0839313871810814,0.0644424278786741,0.0637685260642638,0.0187726551867538,0.0171874440210261,0.0184533908009228,0.029070065381174,0.0127125273630893,0.0107921792923487,0.0568134149090119,0.0103663422777246,0.0271968813674311,0.025043207264716
"137","Isoleucylisoleucine; PlaSMA ID-377","[M-H]-",4.022,0.00666903687011106,0.120701524096677,0.0665247932095598,0.0574016676603413,0.0747292674133329,0.0108237321730926,0.0152800356966755,0.0146239599771386,0.0124459475285247,0.012091185626784,0.010763348853448,0.00921894527739228,0.0557497055100852,0.0570222346172014,0.0641478007992138,0.0200422516844028,0.0125989205303769,0.0156843234171407,0.00752552636757328,0.00554457374087707,0.0228208104525756,0.00769217885166431,0.0204112949171548,0.0193793357579193,0.0169871089340632,0.0144557236804884,0.117238766687843,0.131425999668342
"138","Isoleucylisoleucine; PlaSMA ID-377","[M-H]-",4.576,0.00460931042760994,0.0192719928445726,0.0204413154036218,0.0136652788227264,0.0198456276471638,0.00766834042444794,0.00877036841509763,0.00888908005559979,0.0106247171273962,0.00974572403299877,0.00862674091045546,0.152912213014368,0.0329359509622411,0.0319002037827165,0.0902831729438942,0.00362037776261166,0.0032387686638345,0.00335262638141321,0.00323397198252474,0.00258766189984695,0.0135558784847184,0.147454140530689,0.00893418893595581,0.0674883710820441,0.00892005440531662,0.0499076497403013,0.228725239442106,0.0187910338737279
"139","Isoleucylisoleucine; PlaSMA ID-377","[M-H]-",12.426,0.0323196905131693,0.0210263412848365,0.207545418940971,0.19884714062116,0.226014733717047,0.00257467320565132,0.00146702426165851,0.00120218961288582,0.00119903602066583,0.00174246034810693,0.00066856155063874,0.00923620063529451,0.00351753018172273,0.00314493661581577,0.00380148767693581,0.00768309001580084,0.00456217437902247,0.00684678419814114,0.00590251817022675,0.00517041509124047,0.00335870990970729,0.0272852153759226,0.0484911101241784,0.0507209011168346,0.0422640403461195,0.0405626437945793,0.0240240655319147,0.0188209067597518
"140","N-Acetyltryptophan","[M-H]-",14.018,0.0224094661549218,0.0147470314935006,0.0148683506589598,0.0128869595286483,0.0157040790367584,0.00103598650120533,0.00243849193990161,0.000567126348322227,0.00122925887612114,0.00122693029329083,0.00168309966974874,0.0282418675700016,0.00273759840445504,0.000555367005029157,0.000753762262171648,0.00242952689600491,0.00155805477176104,0.00173688993312892,0.00210713460314836,0.00258309693366391,0.000337993797819631,0.0324260980577873,0.193224056822078,0.210664094358833,0.206610380938687,0.189584132570878,0.0197980769398696,0.0158550876333041
"141","N-Acetyltryptophan","[M-H]-",16.411,0.00399172813379976,0.0010359471558937,0.0803520452837261,0.0549387255142632,0.145687976924961,0.0275381687259828,0.0806459961659435,0.0306799572771746,0.0412530008800992,0.0423857393071597,0.0209844177275598,0.00122952969822726,0.0951443466462947,0.0275190208875563,0.0499482938223883,0.0164622313446047,0.0179837480441851,0.0137346112399635,0.0784023324171362,0.0545820707215944,0.0341751041067274,0.00132428694992749,0.0181266203770595,0.0183714040990683,0.0220218377941017,0.0205332160989975,0.000675645155905488,0.000271997499699105
"142","Atractylenolide III","[M-H]-",21.566,0.0260975974217415,0.0248809615159384,0.0698086499279105,0.0338507485592204,0.0408365608681429,0.0278543994765941,0.0383921828366497,0.0553735930438716,0.033672039384675,0.0260935587963281,0.0380832279925205,0.0350704134340836,0.0282946096466607,0.016129260244983,0.0602643684195647,0.0637577794022027,0.0470247446579082,0.0460554745586792,0.0482454191891248,0.0320586085320001,0.0409637775686667,0.024788073131429,0.0285349078587612,0.0168037106890299,0.0362597886183459,0.0103671514363371,0.0252929013081108,0.0251454914805197
"143","2-[(2S,4aR,8aS)-2-hydroxy-4a-methyl-8-methylidene-3,4,5,6,7,8a-hexahydro-1H-naphthalen-2-yl]prop-2-enoic acid","[M-H]-",23.501,0.0346270241622983,0.0272974820382619,0.0264847893834513,0.0352211385351283,0.0327501188083414,0.0301625433753389,0.0327522503341409,0.028109787142927,0.0342556542355113,0.0465064049928085,0.0340198299720625,0.0361055279668296,0.0294182533211836,0.0279091330551692,0.0295214385473845,0.0542915123127103,0.0615034329676313,0.0647076975694308,0.0417799403075889,0.0382518775593448,0.0211476425566877,0.0340792220318382,0.025576662505347,0.0388175069964912,0.0227726403161634,0.0380994734646838,0.0408193003847888,0.0330117151564564
"144","9-(2,3-dihydroxypropoxy)-9-oxononanoic acid","[M-H]-",18.544,0.0175558160403404,0.0438857923487816,0.143364585741745,0.134653464585377,0.15726701618779,0.0303122031227808,0.00540771794763871,0.0312333813622175,0.0164514784305337,0.00342121715840057,0,0.0312187747387673,0.0335018284225289,0.0344668265323165,0.0237294207570498,0.0167341934712621,0.0230554019617848,0.017850062625898,0.0151295790082833,0.0139529770508804,0.0187831567949916,0.0249048695599697,0.00947643134819711,0.00823852001078584,0.0297854037165016,0.00958059963648727,0.0501629887765396,0.0558762926621513
"145","zinniol","[M-H]-",21.756,0,0.00237783101705413,0.00865730878995952,0.0271420437318428,0.0648452847030962,0.0564168134210141,0.0331693978464304,0.0642318825814658,0.0875142741723674,0.0620203611572755,0.0394916578769767,0,0.0293496971283646,0.0214608546982659,0.0603750768721759,0.0251008792923712,0.0061864969384444,0.0534031753559348,0.0666659403716864,0.0584517313077387,0,0,0.0311530012615463,0.010435299177552,0.0504551221954782,0.0452432044622191,0.0685289337866734,0.0273237318540665
"146","Adenosine; LC-ESI-QTOF; MS2; CE","[M-H]-",11.047,0.00278666916377862,0.00291849620447795,0.0531441174542771,0.0224803893000244,0.0464250663405509,0.127371868298628,0.0546413306054893,0.0280840942441502,0.0221158543359495,0.00588279990778852,0.000218514241434801,0.00193668858689018,0.0128214158936567,0.257673352541574,0.220933301692403,0.0251380715151444,0.0132208928015732,0.00320955480167719,0.00253843224072485,0.00484148592259915,0.0475766796043365,0.00238106131731603,0.00667833070099504,0.00742243142651994,0.00682172145773587,0.00635078471607519,0.00746593431605941,0.00692066036816947
"147","Inosine; LC-ESI-QTOF; MS2; CE","[M-H]-",4.036,0.000167114243986192,0.000423250347035293,0.000839416544070473,0.00044475289941869,0.000877728060781882,0.0156927198770672,0.00236319240727514,0.000752299631491854,0.000256550856167672,2.1908968755866e-05,0.000109027965521011,1.84867344810247e-05,0.000569297633621914,0.00780101220811215,0.00732716614898426,0.121799683393309,0.109329180494419,0.128694518394567,0.0847025825707547,0.299314049404454,0.214070820512243,5.76360941756772e-05,0.000689969949260792,0.000263407829836508,7.04871882917987e-06,2.71152666965199e-06,0.00209223773802986,0.00131222884668173
"148","Genistein","[M-H]-",21.687,NA,NA,NA,NA,NA,NA,NA,NA,NA,NA,NA,NA,NA,NA,NA,NA,NA,NA,NA,NA,NA,NA,NA,NA,NA,NA,NA,NA
"149","isoimperatorin","[M-H]-",20.381,0.0530047656405792,0.0442914408330975,0.0375345978084281,0.0310813309477115,0.0641114279754299,0.00963553499994351,0,0,0.0050958542885851,0,0.00067530770268715,0.0594125649669065,0.00660372306542301,0.00692851741209082,0,0.0898929896318406,0.077647250743532,0.106109284296,0.0513248550619006,0.0496961069411105,0.031820660612963,0.0751414844038549,0.00957270713424193,0.0309159026054183,0.0190350980890868,0.0174881915301975,0.0515690937971353,0.0714113095118357
"150","gamma-Glutamylglutamine","[M-H]-",1.791,0.0137362403140096,0.0534457569237229,0.0300758493253839,0.027719720001736,0.0258237289732683,0.0220018208163326,0.0218499207570299,0.0238855015650305,0.0469704190571924,0.0436289148152702,0.0444805402073967,0.00996988288866062,0.0672352487037445,0.0690480740487093,0.0679981414567,0.0402476160492658,0.0332243162603556,0.0377026380032417,0.0469183558421234,0.0459955423359998,0.0368022527336678,0.010155933280066,0.0123353162171924,0.0139245543234615,0.0154688171315367,0.0133931506779729,0.0602372051886284,0.0657245421023005
"151","L-Saccharopine; LC-ESI-QTOF; MS2; CE","[M-H]-",1.712,0,0.000611886512403598,0.000631565925890228,0.00214040054154881,0.00161478625863296,0.0418813901285299,0.028023808816101,0.0155817980704932,0.0179922192646826,0.0351741889860462,0.0153344752509121,0.000449045334428014,0.208255687900464,0.0785418352697007,0.163416826399896,0.0266654347422037,0.0912623080108225,0.0487305593102478,0.0715433481118225,0.0614649133707614,0.0622397092740123,0.00111255193749368,0.002279128469377,0.000879997204636518,0.00173509671110104,0.00186632122304178,0.0200737350447329,0.000496981930018062
"152","Asp-Phe","[M-H]-",3.489,0.0470907339855562,0.0366320321667691,0.0358883934233214,0.032932415534567,0.034632917471461,0.00995724592260079,0.00370646883569929,0.00727179123648675,0.0208848623888095,0.0171464972176157,0.0135618901186201,0.0479008435814904,0.0454664930428772,0.0283934890666913,0.042094053452687,0.107958141080134,0.0743975173203775,0.0917151494399748,0.0509012040432228,0.044397298497722,0.0291990126127032,0.0417991758169634,0.0121063656531589,0.0164318258285597,0.0124090180766413,0.0162887267395794,0.0372513370059771,0.0415851004397332
"153","Asp-Phe","[M-H]-",3.344,0.0102330924372695,0.101158661314322,0.0722214517288104,0.0560012668247378,0.0737961028072204,0.0332750503918769,0.0273118766130119,0.0194868296209526,0.0346402459899776,0.0167509472678514,0.0374509020696937,0.011039080489452,0.0115012033919816,0.0112590730546235,0.0153391757758652,0.0197108045116236,0.0235402680758064,0.0218830270294283,0.00951051060610771,0.0085654379807344,0.0103214209115474,0.0136234860639261,0.0363596459430653,0.0354680749950549,0.0342672678147785,0.0375797711122553,0.102868859869361,0.114836465308664
"154","Asp-Phe","[M-H]-",3.041,0.0231635838592094,0.0223768249884677,0.102921830194444,0.09936074581713,0.098767257704097,0.0131381707297023,0.0116027222247299,0.0178972554725755,0.0463200312413969,0.037653134635493,0.00128489652391626,0.0255434288005782,0.0421552500254853,0.0412634375901625,0.0444858812049354,0.0281874084644695,0.017512725204506,0.0404345308081207,0.041344062444938,0.0422829923221186,0.028016049548377,0.0270663972990627,0.00199667262641685,0.00230202909126912,0.0406993172197279,0.0340720982992535,0.0331310030807542,0.0350202625786623
"155","2'-O-Methylinosine","[M-H]-",7.117,0.000382478989826518,0.0267148042093115,0.00327047622208803,0.0026056062023896,0.00246594264602438,0.0403461715717001,0.0279081999359131,0.00123705654586748,0.0523092360505597,0.0935020700590187,0.0593475643773674,1.78728499918934e-05,0.00148574448718325,0.000765979285366859,0.0204656898728602,0.138171939370186,0.0789510169013329,0.150500120641737,0.0658499625308466,0.106122344764723,0.0722663156779363,3.089449784313e-05,0.000507844266198228,0.000849981680328758,9.52367578139462e-05,0.000848449721758025,0.0278170484009544,0.0251639514828721
"156","9-hydroxy-10,12-octadecadienoic acid","[M-H]-",23.468,0.000128220170543365,0.285250936659637,0.0122677345558428,0.011896824465633,0.00475880004388091,0,0.000149849483069467,0.000628354111692164,0.00127106085304202,0.0039409008894716,0.000881733227572184,0.000294379460042028,0.000127266674167505,0.000450752865683174,0.000359919789877502,0.00108487813965028,0.000475041931257729,0.000230796306978058,0,0.000222114471555748,0.000493007810339735,0,0.000404934855622081,0.000408799025145305,0.000594329346279874,0,0.347440780598376,0.32623858426464
"157","5'-S-Methylthioadenosine; LC-ESI-QTOF; MS2; CE","[M-H]-",17.106,NA,NA,NA,NA,NA,NA,NA,NA,NA,NA,NA,NA,NA,NA,NA,NA,NA,NA,NA,NA,NA,NA,NA,NA,NA,NA,NA,NA
"158","FA 18:1+1O; PlaSMA ID-585","[M-H]-",23.624,0.012053418912293,0.0415558575618182,0.0379182227553273,0.0329898870594957,0.0334132155675968,0.0355738782588067,0.0197057415808329,0.024804477860036,0.0626917110975051,0.0516150049407816,0.0400884913617763,0.0282358778428289,0.0439247597894718,0.0639337141730685,0.0454477567682026,0.0267203985368938,0.0295939871982385,0.0262746840698008,0.0281935282860792,0.025922355804771,0.0156681665816056,0.0383473983422696,0.0266582524417819,0.0400598406754545,0.0379596534854019,0.0437287155888969,0.0472697900648107,0.0396512133941541
"159","Indole-3-acetyl-L-glutamic acid","[M-H]-",16.18,0.000249130683983515,0.000276049180362069,0.336069284441089,0.302387313958701,0.328353030157936,6.96516093795078e-05,0.0157719508056403,5.39042889980539e-05,0.000110231242670178,0.000154579465453845,6.99880905842397e-05,0.00031864770088113,0.000467843467059264,0.000158078869983057,0.00032497354753009,0.000206935940910132,0.000162924199331196,0.000530025193693723,0.000103165137370807,0.000166221715137569,0.000247111796755123,0.000282442323251975,0.000137284331530624,0.0080685501045077,9.87908817092922e-05,8.13611553041787e-05,0.00269158045289159,0.0023889492573557
"160","Gly-Tyr-Ala","[M-H]-",4.854,0.00121273698059752,0.0201054663890404,0.0266403754323129,0.0288527008005867,0.0307047381652733,0.00076899243380653,0.00849017662690462,0.00128078168829679,0.000576926068698111,0.00695161018059327,0.260423962147369,0.00265825083518336,0.212080378247154,0.000565730678756137,0.00077960624505022,0.00092936275985845,0.00070530956634439,0.000833256879966955,0.000484745845020036,0.000278721591152792,0.000370174841458012,0.00215082342093023,0.100121535408474,0.0956752208654153,0.0941125189031251,0.0674426283518743,0.0166141040685646,0.0181891645781933
"161","gamma-Glutamyltyrosine","[M-H]-",2.932,0.101231438440154,0.089249868421037,0.0457532429837573,0.0322778345697285,0.0429849432309225,0.0125805252813762,0.0108766553240161,0.0144166633354735,0.0256762764514881,0.0255961424263814,0.0244540768107014,0.0565793354915372,0.031284354401292,0.0414951256694471,0.0399407772263738,0.00415446308514915,0.00404932269759776,0.00401197423040253,0.0257877960751566,0.0219548811369456,0.0225751501595139,0.0469363861389125,0.0606050620056128,0.0578618324379756,0.0026251118869844,0.0464056847521739,0.0104767449931605,0.0981583303367285
"162","gamma-Glutamyltyrosine","[M-H]-",3.077,0.0525667793577032,0.01010600965265,0.0140372549604842,0.0143040104333408,0.0154640729119544,0.00162101155718618,0.00344795055537559,0.00181187870117517,0.00433377150192629,0.0070063098417998,0.00459768093440225,0.109729640272415,0.0285226609397523,0.0316567838522577,0.0341143762086398,0.0716712146148698,0.0417605647147378,0.0645915857862127,0.0370516905637974,0.0339058581411362,0.0193957895192106,0.110576291676035,0.00257331308801292,0.091937737417844,0.0819419054074938,0.00207534420000201,0.0970569522113576,0.0121415609782274
"163","5-hydroxy-2,2-dimethyl-10-(2-methylbut-3-en-2-yl)pyrano[3,2-g]chromen-8-one","[M-H]-",21.614,0.0340197005201113,0.0487389913220215,0.0337891776103254,0.0355292225671289,0.0138091283203359,0.0364558279415691,0.0315761576763807,0.0422379228563949,0.0398179159181389,0.039276267682558,0.0334135703517232,0.0399668691829236,0.038973847417692,0.0385256979846817,0.0246891648429027,0.0517070946891391,0.0416543613644893,0.0440950025212436,0.057392789114418,0.0396264045777014,0.0584261120876542,0.00919318916032917,0.0293786134063097,0.024140746004377,0.0152886662685982,0.0119201300987476,0.0409153984145182,0.045442030097587
"164","FA 18:1+2O; PlaSMA ID-662","[M-H]-",22.507,0.000292364391554798,0.486071401592127,0.00600067031869264,0.00554652309908533,0.055915981462625,0.000403602798220527,0.00039121585551447,0.000311402451280364,0.000186332975583241,0.000355458474106835,0.000578220044741881,0.000139510738950491,0.000813795694038366,0.00114443960311829,0.000728917677761882,0.000230307639180115,0.000225812541744912,0.00040057216691806,0.000436329548325694,5.55480140069677e-05,0.000436512606592286,0.000323809733793821,0.000286852303749639,0.000355092357573651,0.00192632213934745,0.000484331493787592,0.0215803119125736,0.414378360365005
"165","Thymidine-5'-monophosphate; LC-ESI-QTOF; MS2; CE","[M-H]-",2.893,NA,NA,NA,NA,NA,NA,NA,NA,NA,NA,NA,NA,NA,NA,NA,NA,NA,NA,NA,NA,NA,NA,NA,NA,NA,NA,NA,NA
"166","Cytidine-5'-monophosphate","[M-H]-",1.941,0.000555838349417962,0.000427983421062233,0.00621729575324391,0.0020056907442272,0.00535320431405475,0.00109682423159642,0.00129104817529078,0.00212287794422002,0.0039759399971062,0.00106300167368876,0.00311813292195603,0.000680345668065518,0.00370940550699809,0.00313283029809283,0.00359348533782682,0.166319090877796,0.155184219043868,0.186482057960183,0.144488400145087,0.134830727530114,0.169431255059711,0.000551945653436527,0.000111986659741755,0.000131469185924698,0.000111330016710404,0.000109633084235739,0.00218657776005414,0.00171740268629181
"167","Cytidine-3'-monophosphate; LC-ESI-QTOF; MS2; CE","[M-H]-",2.077,0.000882843996449136,0.00280854894926381,0.00262473277800813,0.00249366064912134,0.00251755349575733,0.0319705447211922,0.072730590088329,0.0699588354890457,0.00631502802993495,0.00972506275498809,0.016454284359134,0.00108060030257137,0.110476848019601,0.0778741872562485,0.0967766845725637,0.00312039194144846,0.00260586166436218,0.00259369627850417,0.229492471611942,0.214153086884839,0.0333079189371347,0.000876661185779794,0.00108716629768574,0.00152104777343857,0.000176826656491554,0.000174131400489145,0.00347296484716176,0.00272776905851497
"168","Uridine 5'-monophosphate; LC-ESI-QTOF; MS2; CE","[M-H]-",2.429,0.00076514806994477,0.00226754513444476,0.0107299496873837,0.00868183520251037,0.00881224959206992,0.0722396076906949,0.12562273881334,0.14587432842473,0.0352784901822949,0.0184896855031084,0.0312395498814144,0.00334639496282669,0.160196851035925,0.123329793063648,0.154635436843585,0.00664738023426865,0.00711444727041708,0.00528253041342726,0.00379653261371722,0.00461001792372961,0.0581613838466284,0.00150014226959482,0.00186346021344381,0.00198600599874813,0.00178821401087858,0.00180422103406668,0.00188776730664917,0.00204829277651052
"169","[5-acetyloxy-3-(hydroxymethyl)-2-oxo-6-propan-2-ylcyclohex-3-en-1-yl] 3-methylbutanoate","[M-H]-",20.275,0.0514928952922067,0.056922862253933,0.0466950151945194,0.0616172164257706,0.0477588887617142,0.015528567368371,0.0141126413514699,0.0119086965635823,0.000760368989548383,0,0.012879975513868,0.051956511394925,0.013477982414739,0.0110123292304487,0.0136220184854864,0.0620850121466133,0.0519240389771896,0.0667655414277318,0.0558387336142894,0.0516645811443923,0.0424022258717076,0.0443078102273326,0.0309809370832438,0.035012018009653,0.00798564269023371,0.0341461940397359,0.0521378425197053,0.0550034530075889
"170","FA 18:1+3O; PlaSMA ID-738","[M-H]-",20.873,0.000155253605456782,0.391804563403554,0.0169823539271676,0.000466977336080208,0.0177114518614602,4.06924223801164e-05,7.46826523214259e-05,3.73548190590034e-05,0.000303212410381843,0.000407200558358152,0.000394066031446346,0.000344240536071424,0.000377765530879681,0.000486361773480127,0.000472689689500431,0.00168312248308603,0.00145511193175182,0.00205423007823329,0.000445585155414678,0.00035605923554195,0.000275448343427655,0.000180360111163693,0.000855189608532247,0.00137538509433352,0.0019754833649468,0.00133316959359438,0.332324067059886,0.22562792138249
"171","FA 18:1+3O; PlaSMA ID-738","[M-H]-",21.748,0.000177794054236047,0.190895290524935,0.1914940902674,0.101588923607624,0.189119565024779,0.000195514391867546,0.000734803333786186,1.21088973815248e-05,0.000313502306597282,0.000877452051719759,0.000352487049386581,0.000169819902301872,0.000740562443516424,0.00104372788649533,0.000973141874929857,0.00205555916525396,0.00210443776322085,0.00078530629603596,0.00225712800581227,0.00083019781803576,0.0014769901415855,0.000828721123233135,0.00208627441714856,0.00225077821816098,0.000538993602958115,0.00069832897216135,0.154199277010225,0.151199223849212
"172","FA 18:1+3O; PlaSMA ID-738","[M-H]-",21.491,0.000645727749466816,0.825422700946605,0.0149940710306912,0.0247454044623866,0.0147589324657248,7.04677081527765e-06,0,0,0.000145906084671004,0.000281172144286645,0,8.00097944125575e-05,0.000980539194548506,5.93086574849572e-05,0.000619556881084864,0.000387931720264279,0.000177925972454872,0.000829941916841836,0.000835731048673084,0.000101669132470847,0.000314988659190555,6.89505563625184e-05,0.0017720931785921,0.00250986812417576,0.000858807725903852,0.000634528773751885,0.062076161938147,0.0466910250709932
"173","2'-Deoxyinosine 5'-monophosphate; LC-ESI-QTOF; MS2; CE","[M-H]-",2.839,0.0041065942932052,0.000318822991793556,0.00356784621953104,0.003167312792426,0.00131861807855658,0.114700907016912,0.0079520819424196,0.0241499869166954,0.00166006761919257,0.00389453255865583,0.00386059273539218,0.00399958439256714,0.00272988690175506,0.00175874796613589,0.000744407240831298,0.165081528770232,0.200300715536635,0.260560871741252,0.0400072815217896,0.0473382833467388,0.0932789110960937,0.0042894404289745,0.00275919574180783,0.00196123693002115,0.00332843371165565,0.00225006731242879,0.000314502812825014,0.000599541383476086
"174","alpha-D-Glucose-1,6-diphosphate; LC-ESI-QTOF; MS2; CE","[M-H]-",1.557,0.00567679549498532,0.00106877633071509,0.405440730302358,0.217537001105249,0.246167284217023,0.000595865170327993,0.000144660281576792,0.000206128249798015,0.00205880642869279,0.00158500966688175,0.00389422441656985,0.00281205562350488,0.00084305640859958,0.000150136551606498,0.000645187747592244,0.00123792620268875,0.00107812032941264,0.00259013113606342,0.000567037940303632,0.000290170017580634,0.00151354705401885,0.00558174696664794,0.0127716196046925,0.0118954886939333,0.0210135144403909,0.0387030594872393,0.00938213377927642,0.00454978635227117
"175","Galactinol; LC-ESI-QTOF; MS2; CE","[M-H]-",1.873,0.0123256882594816,0.0344104099632731,0.0267052488716573,0.0181571508326811,0.0202717411423519,0.000201936185301802,0.0588428223617651,0.0607967878986514,0.00912726446062834,0.00578979011753046,0.0189634732538934,0.0106958933922955,0.00103082950417538,0.00144028046652921,0.00125079551939254,0.013814005042285,0.0119819485759037,0.0134367063977585,0.00233522615494566,0.00305741174517021,0.000636700073042545,0.0092891310318319,0.157301013330598,0.157066400364785,0.143313138457486,0.135642734420014,0.0377081367807686,0.0344073353958025
"176","Sucrose","[M-H]-",1.787,0.0138773299931088,0.0387434481333122,0.00848368605798576,0.0204432192635386,0.0228241255372806,0.0553239320795561,0.0662529300864751,0.0684529821647297,0.0102760899543416,0.00651828705247743,0.0213510916313175,0.012042275322495,0.00115997290102734,0.00162099098126704,0.00140764190019252,0.0155530885309617,0.013490299008704,0.0151282720992779,0.00262864801746184,0.003441787184282,0.000716205977969491,0.0104583423429604,0.177111153311511,0.176846992693896,0.00192553873376241,0.152725185069422,0.0424564976223571,0.038739986348329
"177","Tyr-Tyr","[M-H]-",12.578,0.000446956974387894,0.236778362015009,0.0076176341180772,0.0189658484591216,0.00900149656997317,0.000622021577874313,0.000313334655355118,0.000503504390558286,0.000535263898270424,0.00206591724556761,0.000261822283090309,0.000989192471912201,0.00276036599346839,0.00070451883571194,0.00312947344285458,0.000764164740439614,0.000620472333595672,0.000391958802496142,0.000956271030991082,0.00615011247513463,0.00157945454207438,0.00134784252241756,0.0775431619456029,0.0738730022495027,0.0732227069635432,0.0633609925078547,0.224188041073564,0.191306105881551
"178","Adenosine 3'-monophosphate; LC-ESI-QTOF; MS2; CE","[M-H]-",6.585,0.000108830026370971,0.00102268655590864,0.00298403059451321,0.00324595209760232,0.00473340660241217,0.0893714520332191,0.176352924460834,0.173155548270618,0.069520506048693,0.0701896056306687,0.0974350717922183,6.15168868984531e-05,0.0410514106037171,0.0267513101593785,0.190849026574905,0.00584778015361768,0.00547589739456803,0.00476236894983229,0.00344018637057712,0.00333623522023728,0.016262826831152,0.000152345295678076,0.00337950415413693,0.00415253097039354,0.00151372868720105,0.00364745011248213,0.000594486261181956,0.00060138126098478
"179","Adenosine 3'-monophosphate; LC-ESI-QTOF; MS2; CE","[M-H]-",7.166,6.81391361192197e-05,6.61955931531125e-05,0.00604681447304528,0.00755490238866584,0.0105215082799124,0.134326722094611,0.0010500916044706,0.19095687385615,0.124819145651517,0.000573161511561951,0.0570902067479603,2.73576287753877e-06,0.208416115060024,0.150805052503374,0.0457744993774604,0.00156568970454413,0.00466487318678201,0.000621955679117251,0.000770706617781344,0.000928193905434129,0.0450159282529244,2.72753914143395e-06,0.00187322179867484,0.00204748824922684,0.00345095927661254,6.00086023569151e-05,0.000417952198810202,0.000508130947690355
"180","Adenosine-3-monophosphate","[M-H]-",3.441,0.0407432198272413,0.0100131223647569,0.100493961435385,0.0556259277738598,0.0918353577538104,0.000681802108090453,0.020158196671472,5.94189018912692e-05,0.0416339287047217,0.0164027805263565,0.0516027303635682,0.0593913428444387,0.126158051593294,0.000146826326540444,0.16036813805442,0.0178279691709356,0.017119515359523,0.0166755098381321,0.0035377081436935,0.00289821243892459,0.00187641057134066,0.0329041469493865,0.0316222278447947,0.0315098987184463,0.0276995882910683,0.0230012547229952,0.0108327620496972,0.00717999065121641
"181","Adenosine-3-monophosphate","[M-H]-",3.789,0.0268524751389177,0.00659708720351806,0.0662364846487568,0.0366622397631931,0.0605292662852852,0.0111177287221323,3.46758068430689e-05,0.0100041516872657,0.0274395755824778,6.6449005041576e-05,9.45500843367295e-05,0.0391441695092827,0.0831526725258746,0.0673713607706828,0.105701854916839,0.153494482443986,0.0464645166140694,0.0148331515162669,0.0831805503275817,0.0343709970514919,0.0298132276596659,0.0216854410158186,0.0208404788806673,0.0207664384376323,0.0182549164369273,0.0151580642649675,6.90286586034325e-05,6.39650418745953e-05
"182","Inosine-5-monophosphate","[M-H]-",2.649,7.92528348965495e-06,0.000204656369339078,0.000173063732311129,1.77896018684876e-05,6.2177643586944e-05,0.000227025654470929,9.55579761956466e-05,7.80270977772214e-05,2.30987183426724e-05,6.94936750812906e-06,6.71212088639437e-05,5.72385294660744e-05,9.86737854867212e-05,8.52541061489658e-05,9.17539068879541e-05,0.179032023278594,0.161751499580312,0.195739920206995,0.149923550336316,0.169924247320598,0.141804301041557,2.38598660409206e-05,4.35362017140572e-05,5.15343728853427e-05,8.74373982307832e-05,5.02340789008352e-05,0.000203400586915871,6.81427491958032e-05
"183","Guanosine 5'-monophosphate; LC-ESI-QTOF; MS2; CE","[M-H]-",3.448,0.000543832697711772,0.00146492728236574,0.0146304655105568,0.0181176576083429,0.0148220456895492,0.073283030742669,0.0560032689188695,0.169622112003487,0.0466687326898057,0.0264829057457424,0.0472762137454002,0.000532609399163133,0.165870378973747,0.134865363002999,0.173855120785759,0.00130296983211806,0.00268789805332222,0.000743525835296649,0.00154356487136683,0.00170616301439591,0.0349749142049507,0.000770405132451303,0.00268154327492063,0.0029632059764657,0.00294736931739516,0.00290726269427097,0.000323065610064193,0.000409447386812592
"184","Guanosine 5'-monophosphate; LC-ESI-QTOF; MS2; CE","[M-H]-",2.528,0.00139042702978006,0.00179455842558851,0.0118172265076213,0.00556673177115163,0.01182166414049,0.0011811652152083,0.00116143700701124,0.000697089107294981,0.000936208101580504,0.000588276053837543,0.00206360081644234,0.00231380671940696,0.00091606162358558,0.00018521295661573,0.0010101690172631,0.152033622128801,0.160890819493766,0.162801170229281,0.155824085673203,0.165656537011645,0.151053986806782,0.00131054080923004,0.000770436413458808,0.000619654013977323,0.000686038617885878,0.000498058900364464,0.0026192076814765,0.00179220772725221
"185","Guanosine 5'-monophosphate; LC-ESI-QTOF; MS2; CE","[M-H]-",4.022,0.000784017322479363,0.0020758520360734,0.0112755847945982,0.0166094567173358,0.0093663054135242,0.0646493381965254,0.119034221421288,0.148832540564725,0.0341925586700695,0.0179164135266117,0.0306836822176308,0.00113238765341851,0.170833210449811,0.132128491576102,0.131027199226762,0.0101528127355281,0.00862832339227084,0.00978915008636419,0.00445998501487409,0.00465547570886704,0.0569682438761747,0.000905734358062486,0.00233209238460366,0.00264035749267578,0.00268969827816731,0.00225521513378166,0.00198526989120681,0.00199638186046826
"186","Glu-Val-Phe","[M-H]-",10.469,0.0776195718571726,0.00348453342870121,0.0121842357904647,0.0450397879948365,0.013280950227195,0.0031539897344309,0.00442213371770256,0.00466598666346949,0.016009817224188,0.00624783122204737,0.00657475274019636,0.046834214045334,0.000341430345834912,0.000612268503705607,0.0255796266598924,0.172489455644079,0.108418009749449,0.140137345674168,0.0492567053120662,0.065130630562103,0.0530064826488507,0.0466358797794916,0.0172607558708834,0.018134464997745,0.0352068073407182,0.0126490213564309,0.00832456565479969,0.00729874525404374
"187","3-Hydroxypyridine; LC-ESI-QTOF; MS2; CE","[M+H]+",2.331,0.0137901960795827,0.00335206288584699,0.153904209242506,0.134165158045998,0.323910882797056,0.0406333924058883,0.0271191263740657,0.0250744389061477,0.0149360725050042,0.0183820204810303,0.00421745232871234,0.0071375116792098,0.0282255134423827,0.0118488562228229,0.0123063847097209,0.0120323324860982,0.0143253820754334,0.01348810494441,0.0156846820832725,0.00970365928837145,0.0273661672902266,0.0142354911844781,0.015266618486715,0.0157923358448956,0.0137037550023522,0.0157043778282968,0.00782319274045667,0.00587062263901844
"188","GABA; LC-ESI-QTOF; MS2; CE","[M+H]+",1.76,0.00516899659293892,0.000293723105698936,0.00539638697679681,0.00490142927068998,0.00434398592902525,0.0599822877944099,0.0382300473733692,0.0676227947419286,0.0740071057362436,0.0578800444844929,0.0625888816701138,0.00311262325726042,0.155051589487535,0.144405388654378,0.180625979233701,0.023849484940889,0.0176241299234661,0.0199867013087423,0.00572656029476957,0.00300224476249738,0.0571970756191067,0.00466469762710432,0.000910881773241509,0.000456154273836783,0.000862918723801002,0.0011170922237855,0.000595686622489386,0.000395107597688127
"189","Choline; LC-ESI-QTOF; MS2; CE","[M]+",1.812,0.035280121889927,0.0169889659319445,0.0775364520118408,0.0753413875741095,0.0713381342933955,0.0408870787718893,0.0346498211564325,0.0287487623157714,0.0210082128733909,0.0313675435956266,0.023870868089911,0.0330466836638007,0.0107602314374331,0.0231584251363113,0.0175382667201248,0.00987160545780178,0.00802966938557138,0.0108492905369978,0.00982008512199591,0.0127865029284552,0.0101633200654849,0.0298477000783761,0.084583012553324,0.0824427399606948,0.0776211669882738,0.0737019269632204,0.0241933244482002,0.0245687000496949
"190","Serine","[M+H]+",1.7,0.0105072765890297,0.0966725248416225,0.0154430263283405,0.0124554843656421,0.0118961261579019,0.039679192628001,0.0519850884787911,0.0465580093450729,0.0491199477361285,0.0415611899715112,0.0542676533760994,0.0110007496201555,0.0586528115523351,0.077083621057078,0.103449619229324,0.00894394546933964,0.0139075734006371,0.0108197389273572,0.00527935484061516,0.00551501735508588,0.0145329193826757,0.0115826531232397,0.0197622316571489,0.0161950651697106,0.0172046263810486,0.0192207603733097,0.0870457754127658,0.0896580172300324
"191","Serine","[M+H]+",4.284,0.00465859090095334,0.0270679381627791,0.0140691467644548,0.00918360332283578,0.013104284369614,0.0685851589982193,0.0643546561492329,0.0377385901621274,0.0432975750463047,0.0813938868048988,0.0432214675954271,0.00451052905968403,0.0294041132103,0.131857480470298,0.105040907165915,0.0131504042808072,0.00983285057058907,0.00869673550512745,0.00665228678198372,0.00656104160013372,0.0142294496642569,0.00430948952246968,0.0489670959037902,0.0447382158893634,0.0395143637915736,0.0370077562156287,0.070796733506249,0.0180556485849829
"192","Serine","[M+H]+",2.314,0.00785432268353193,0.0394627677414269,0.0147770907544145,0.0125508206807258,0.015405870436102,0.061066389693952,0.0655165537397748,0.0501204323645777,0.064556182232032,0.0560997129570318,0.069491006261416,0.00535405078364172,0.0558218842364998,0.0848152696038678,0.101789312803938,0.0169966018853802,0.0169143712554648,0.0181136323579459,0.0068421224606338,0.00672624181559626,0.0209382992378372,0.00950327623660302,0.0351888731139608,0.026941458889342,0.0281826520916902,0.0277961738428703,0.051779967946847,0.0293946618928959
"193","Serine","[M+H]+",5.049,0.0102176079850162,0.0180395065498488,0.0133959747022684,0.00990387511047264,0.0137655584478283,0.0697363973898118,0.138466339157669,0.0396069476802287,0.0470840101032379,0.0389698529098215,0.0445479475078743,0.01025471028542,0.0355024627113602,0.0413948760767882,0.054277678710942,0.0109458982483486,0.00696828455113196,0.0157716555033703,0.00455565429123449,0.00412031044372313,0.0117249446624221,0.00962213707925698,0.0665527958474769,0.0637578959885344,0.0584765306361069,0.052976054101446,0.0527266548071768,0.0566374385111842
"194","Serine","[M+H]+",2.19,0.00677436912303762,0.0448862110603611,0.0119917385937543,0.00829591997419226,0.0133039089022474,0.0590694355998042,0.067189072980875,0.045578879285221,0.0582165308258004,0.0518014024515715,0.070540429279533,0.00810988002981868,0.0648041833938073,0.103055752839968,0.108913600970943,0.0146793546540891,0.00808913722135284,0.0156452089589533,0.00626931466198733,0.00601860325033026,0.0220813896375204,0.00407949307973979,0.030409528461275,0.0173381711357492,0.024351512228605,0.0240173389992018,0.0459818791286194,0.0585077532716422
"195","1-Acetylimidazole","[M+H]+",4.05,0.00397497952779304,0.0436523339123446,0.0667568403819254,0.0649569550357053,0.0755163003449909,0.0581440791160879,0.0237125490170481,0.0190408684401373,0.0150263711096162,0.0430598192200999,0.027167908973593,0.00447240923876095,0.0126782498522414,0.0172033663178849,0.0138694701909257,0.0548307746411249,0.0491840860714903,0.0496002258621593,0.0127306710839573,0.0153707765832003,0.0191148234255747,0.0227430590487155,0.0574267359452386,0.051351323797604,0.0435923758668261,0.0510350467898187,0.0439503072294666,0.0398372929756693
"196","Cytosine","[M+H]+",2.35,0.00148876484233995,0.00816986277669811,0.100965018023061,0.0326599139045666,0.0719540997089031,0.00761575887194933,0.0133626513651511,0.00391135607635557,0.00729984729466097,0.00202327284452316,0.000611037318767388,0.000410162025897287,0.0903771876879458,0.067073143706688,0.0792185497886125,0.097760112344842,0.0688300002813248,0.0820242658540535,0.0220184068866853,0.134869123852089,0.0416100084010106,0.00111172846475834,0.00124760200466338,0.00157289653548374,0.00118879791547649,0.00153902689448985,0.0324613593228029,0.0266260450062003
"197","Cytosine","[M+H]+",2.04,0.0090651252824597,0.0047771409797987,0.00519842400875149,0.00401433394837169,0.00648960626708113,0.027599296071507,0.0319870904979918,0.0278747647468135,0.0135204019554119,0.00733183048942555,0.0122276550668851,0.00200477742152913,0.0484914378181112,0.0359868439388383,0.0425038832422082,0.0566442423222209,0.0546353225861952,0.0616090913128653,0.191161534255744,0.0465006080199826,0.268546414118007,0.00845880959426393,0.00391580717291177,0.00439835787782983,0.00384568107254701,0.00428369744055566,0.0097963261979008,0.0071314962937915
"198","Histamine","[M+H]+",1.795,0.0228747946473759,0.00967682388485577,0.00586998171090075,0.0058957099155499,0.0057843245969724,0.0160516172708633,0.0101340699155707,0.00658726903139598,0.000892617522617633,0.00650195044647617,0.00340964562449494,0.0106122537335947,0.124928658489488,0.000744119222459895,0.00549541095640882,0.000357162016162284,0.00186604609321943,0.00187101273113926,0.00571671618032136,0.00249771803623941,0.646975805359584,0.0153828369836468,0.000656588605525372,0.0179727879438709,0.0244789120356578,0.0196036954976644,0.0135620471177473,0.0135994244301972
"199","Uracil","[M+H]+",2.846,0.00301432181333952,0.00224455699702644,0.0610258029287648,0.030912494638596,0.0477611686555408,0.0391611694428874,0.0327056940180722,0.0408021644539381,0.00853022617053491,0.00523626465019658,0.00248840003406055,0.00256190755355014,0.00863521494991425,0.180909165049897,0.294125937525202,0.0328539188084521,0.0299602413437915,0.0301517424702187,0.00651488114946062,0.058658125373161,0.0275277085115291,0.00195488706474172,0.00858476075555568,0.0101834522723106,0.00871777292207089,0.00877725236594232,0.00859711282142068,0.00740365525982494
"200","Uracil","[M+H]+",2.458,0.00321163104874659,0.000402410847765967,0.000323453396001627,0.0030186412071869,0.000367041252396977,0.066093339204979,0.0791506184003018,0.0734361411357861,0.0677720234890329,0.0645056504642972,0.054379258163507,0.00200764509357254,0.14612835821169,0.0600849546393511,0.0925531234901992,0.00439134259667786,0.0124951962148125,0.0125095219188442,0.045135793182436,0.0291473110056182,0.181051912017269,0.000266247013185803,0.00073574330069889,0.000832642705642682,0,0,0,0
"201","Guanidinoacetic acid","[M+H]+",6.36,0,0.0288504282156035,0.0156778035775703,0.0165886274518899,0.0162159234993396,0.0572715352427003,0.0653535359850624,0.0543873521108835,0.0678530657505304,0.0764788931467094,0.0868697991778158,0,0.084392775525576,0.074268259142574,0.0768588173230742,0.00118581041985902,0.00480737353411411,0.00145806909463947,0.0175841502507364,0.0147242622473532,0.0374066274419296,3.67040624879913e-05,0.0299351979628642,0.0312270481073039,0.02923563262883,0.0243879222745586,0.0448449488168128,0.0420994370091813
"202","Guanidinoacetic acid","[M+H]+",19.664,0.00218849870384547,0.120106012105685,0.0440972534114575,0.0384271765908991,0.0794862839625541,0.0386264758045267,0.0188457686496628,0.0265637166430077,0.0464088593562575,0.059170790058795,0.0107788341396557,0.0140084338986421,0.0681541413991808,0.100645243425744,0.136177085630473,0.00896337884046021,0.0131844598590757,0.0138060437967513,0.0105651528337011,0.0226502736256145,0.0291190296654624,0.00459664759735793,0.00186572165806853,0.00462654721035349,0.0107292853084151,0.00742868973840236,0.0389547092142785,0.0298254868716729
"203","Guanidinoacetic acid","[M+H]+",28.322,0,0.0296552555433307,0.0442529139459084,0.0381633783000167,0.0439358300238069,0.0213790206335289,0,0.0508252273513647,0.0599486202934128,0.0546868229861517,0.036030553024847,0.0239311442396699,0.0618660540205761,0.0128079404830242,0.0423228469771994,0.0742137425445604,0.0620029315384803,0.0615816494753655,0.0596064787021297,0.0503835859320398,0.0130869158665788,0.00979486017089748,0,0.0349637227594424,0,0.0217309764785748,0.0487423086006482,0.0440872201084454
"204","Guanidinoacetic acid","[M+H]+",14.766,0,0.0833942609995052,0.0551274034893623,0.024914610712164,0.00306630545158044,0.0233020890209986,0.0206906902568704,0.00126508804031781,0.0273020291906483,0.0537635783254073,0.0543702342132358,0,0.0131957030728808,0.095772836603356,0.041948362572434,0.0609404930489619,0.0430977530336949,0.0133457050906636,0.0236937988356179,0.0438436721584877,0.0437325342998577,0,0.0197501094226367,0.0625368213404802,0.0583821063615728,0.0247484152947341,0.0609450953835984,0.046870303780933
"205","Valine","[M+H]+",1.887,0.000662892894999848,0.0145916379760096,0.0538411071393282,0.0529722588986081,0.061264230807741,0.101067836950892,0.0729812753528293,0.072255387578269,0.0689368071661022,0.0738118819164555,0.0692363564787734,0.000795208168573011,0.021035681880643,0.0203697808427015,0.0190285537460265,0.0798376187495607,0.0717874801427812,0.0662214180826275,0.00605427663597812,0.00564571265616095,0.0135519809769684,0.000721559222366902,0.00334763053458867,0.00330399623812607,0.0032256592520022,0.00313911373860824,0.021805406075461,0.0185072498968173
"206","Threonine","[M+H]+",2.21,0.00326150522028049,0.00403619732401739,0.0115353009973796,0.0103092381500387,0.0118929021850257,0.0854167046537828,0.0966798494445518,0.0484978967369749,0.102952731550032,0.0964796914147628,0.0661626967823613,0.00324133120466656,0.058201647768087,0.0626152571427672,0.0582321982977743,0.0259596396266629,0.0182717575514027,0.0206579951752003,0.0278833465481939,0.0140959026584446,0.025772664290108,0.00332869606936326,0.016762157599796,0.0151812324464605,0.0159595332204123,0.0145392307148067,0.0409306143378842,0.0411420808887619
"207","Threonine","[M+H]+",1.712,0.00315466557789279,0.0481829698523984,0.00984458691795882,0.00943487735234574,0.00918747734116008,0.0475202362718264,0.0653101274526785,0.054345834282455,0.0684377783906314,0.0591226009799085,0.0662273330684619,0.00318366664679237,0.0868400829959975,0.0856917467808528,0.0898637483426311,0.0135620201064486,0.0145258384972047,0.0129181746894925,0.0216377533703596,0.0253617280164815,0.0369643862788165,0.00362534032034023,0.0143207133966297,0.0121534774790183,0.0117883118667171,0.0135263803739572,0.0587867086906491,0.0544814346598937
"208","Phenylacetaldehyde","[M+H]+",14.339,0,0.00349890958958335,0.00813249012892518,0.00969074853797543,0.0054655706953524,0.024099155613556,0.265620785164971,0.0097578311592702,0.0205664799916804,0.0152949211232484,0.163551700427916,0,0.0216224148977044,0.0137182997455053,0.0514544058691335,0.212298037119996,0.144625463721942,0.0109201942362917,0.00150589826580188,0.00157886217357311,0.00795787499026394,0,0.00115915918842792,0.00141315885328448,0.00107754028702103,0.00136960137789553,0.00177469103550752,0.00184580580517261
"209","Phenylacetaldehyde","[M+H]+",2.988,6.48284443021205e-05,0.000881335876520889,0.000174811088842314,0.000130129451330783,0.00015292783732515,0.0017154363757396,0.00181071393676074,0.00145307957973228,0.00123772536222255,0.000992013393944918,0.00123436080082983,6.14124229835673e-05,0.184396266109343,0.109061045860493,0.654024054118971,0.00215065066808645,0.00176673012206509,0.00163478392230182,0.000199978925816514,0.000139032346269811,0.0327780875020698,6.12305105069028e-05,0.000395614486396272,0.000375818147922211,0.000390246593368643,0.000522820800889194,0.00104530883305418,0.00114955648191114
"210","Benzoic acid","[M+H]+",6.863,0.0367228255267854,0.0245518580149601,0.056074589018389,0.0603477513389,0.0623164390174272,0.0272611333476201,0.0455039615151911,0.0276224449108402,0.033370869215918,0.030725667365362,0.044938378301665,0.0445635184904767,0.0263065432573476,0.0194345125972882,0.0351349858353442,0.0498850607062559,0.0280444616072219,0.030161656048009,0.0288411884103945,0.0287580276176169,0.0391892054746,0.0425622701055064,0.0276877908803225,0.0301721353558298,0.0274648810325352,0.0241541682831623,0.0320600575119384,0.0361436192130923
"211","Benzoic acid","[M+H]+",2.737,0.00397456330566484,0.0448176791123451,0.0150605055833571,0.0136298414548129,0.0151699362736701,0.0737580424423789,0.0820731369776408,0.0672072053441062,0.0545670829014655,0.0451136644068522,0.0512247197935802,0.00376684990997897,0.0526605340953426,0.054529642736736,0.0647418207814972,0.00687175254617808,0.0121572122266231,0.00681534542087287,0.0202991814931253,0.0155627873464804,0.0705727736050853,0.00391313329279122,0.0264749847120843,0.0275233456918374,0.0273999359599319,0.0261348354932985,0.0564304133338516,0.0575490737584114
"212","Benzoic acid","[M+H]+",14.585,0.0402508617766776,0.0907482161491727,0.0251405755311296,0.0231357496511423,0.00477460544631061,0.0119018534141557,0.0143571317767852,0.00969557324589882,0.0111222374648062,0.0109655507961522,0.0119846214550726,0.0414889120323215,0.0257253308726181,0.0152396438440879,0.019666259130946,0.00707666749839583,0.0351201108293566,0.0322154210915179,0.0426853179906488,0.0467263764915165,0.0346254112808155,0.0411767533203519,0.0611236776634218,0.0616975013768646,0.054161792259505,0.0537722445616886,0.0897397300824869,0.0836818729661532
"213","Benzoic acid","[M+H]+",17.217,0.0294069663061533,0.072833933014091,0.0373762530649273,0.00884047152564917,0.0423623967916463,0.0174198360931336,0.0138139273256705,0.0166251489509728,0.0113302656746118,0.0139114128957972,0.0153214644827925,0.0328906480464294,0.0164883308080835,0.0200754191509451,0.0269505836974945,0.0301826215582677,0.0267325628237404,0.0293760923511891,0.00829573653943143,0.00122369766362403,0.0147722887222306,0.0349621635452605,0.188945590998339,0.0722911012168779,0.0728413343046646,0.0648225646317699,0.0361867599370256,0.0437204278791813
"214","NIACINAMIDE","[M+H]+",7.672,0,0,0.00716546575193866,0.00431429904959906,0.0125310533115977,0.028884627777302,0.0149976693774485,0.0154313588926098,0.0183766899167493,0.0237065906437074,0.0153652104020892,8.52426136246935e-05,0.0486098853026865,0.130957529695183,0.13525584749182,0.12542940584453,0.0696853502522272,0.154847696296827,0.0922450983899041,0.0548571933301087,0.0203784877660173,0,0.00250616619274608,0.00444003676855508,0.00849788534671134,0.0114312095860169,0,0
"215","NIACINAMIDE","[M+H]+",5.593,0.00257682347564687,0.00013670483438869,0.010295530621127,0.0109174471256129,0.0120421303549803,0.0300463382188895,0.022758173205804,0.0191944565865472,0.0148372519047662,0.018057652276936,0.0146142948083103,0.00255753559904714,0.0455313947266839,0.1076039781421,0.127784713002567,0.134426047194993,0.0748490546785558,0.149491313197076,0.0899560856725386,0.0553906548545073,0.0173968990497134,0.00209782598353039,0.00805457088230617,0.0106471479272909,0.00940477157389543,0.00893045784846352,0.000196355150752226,0.000204391102969755
"216","NIACIN","[M+H]+",4.22,0.00361901807795689,0.00729994769437184,0.0102151118726238,0.0116762772662264,0.0127955423267622,0.0380718005032658,0.0549334245916931,0.0497974875567761,0.0512052749851744,0.0405859000100916,0.0378465035521695,0.00379300741754644,0.0501726197209896,0.0953223622990503,0.0587539438247215,0.0414273660731989,0.0266590819170477,0.0363410113550407,0.0655814660025892,0.180666349707902,0.0649820455211322,0.00363154637212718,0.00721071014140463,0.00817204437500561,0.00726666277723297,0.00781599662500496,0.0128688009960631,0.011288696436831
"217","NIACIN","[M+H]+",2.789,0.00075839390109158,0.00533688657033507,0.00795449371830222,0.0075751794612733,0.00842480852121828,0.0721725082504869,0.0713791533567944,0.057042738695632,0.054507742600106,0.0364001730961819,0.0476026167721255,0.00078884699689681,0.0648862784512469,0.0374898784430521,0.0447191605205166,0.0291978921424672,0.0373002349586959,0.035888662918665,0.100195153494663,0.156489596963068,0.095098036384083,0.000914656452937273,0.00364991484862159,0.00295636597469888,0.00245580340392112,0.00238527175779126,0.00867858820207926,0.00775096314304944
"218","Maltol","[M+H]+",4.466,0.0307431650662039,0.127223318005226,0.040750630682103,0.03227055857817,0.0347559657073748,0.0434627899031838,0.0128519824782996,0.0118826863850314,0.00387424292433562,0.00248331148857681,0.00245358737502109,0.0503951388930949,0.00145376667123655,0.0104638734890979,0.00543862543736775,0.00196478580642162,0.00201411454365383,0.0022149788658985,0.00111467313798479,0.00015158467209024,0.000494801519874882,0.0241951150322439,0.101779008586327,0.102600212741885,0.0863737164465469,0.0784341761393273,0.107356055807084,0.0808031336163397
"219","Maltol","[M+H]+",5.653,0.00295976288396413,0.0351155582106678,0.0159630213725863,0.0158418893471305,0.0184731525253127,0.0127757341524056,0.00883992298467057,0.00717019888370032,0.00374936850375248,0.0022495288989971,0.00156047605052482,0.00326649237690385,0.00101027874196343,0.00074012320659868,0.000636906785711313,0.00150298988261373,0.000829496333319887,0.000662890175038914,0.000400072482002757,0,0,0.00225310177510474,0.115701023264034,0.200208200070817,0.140537391301007,0.115823051710018,0.174722669898903,0.117006698182251
"220","Thymine; LC-ESI-QTOF; MS2; CE","[M+H]+",5.925,0.00480986880589312,0.0403910957897204,0.008000378592399,0.00670652138478089,0.00996551200598203,0.191509281203426,0.0899112993787312,0.00925030759991692,0.00776915325908289,0.00705036078533165,0.00653347400608987,0.00531768289969998,0.0236506071933171,0.0866984410563517,0.0211705348086648,0.167207350023384,0.0988748050397794,0.0313222034549196,0.0394130397965914,0.0795613643637628,0.0203888486341867,0.00419195229223192,0.00498640173605067,0.00657176381411185,0.00244763881567522,0.00231185608281014,0.012869386442476,0.0111188707346333
"221","Pyroglutamic acid","[M+H]+",6.448,0.0135899123104801,0.0185042505121769,0.00938316050520706,0.00603185043437043,0.00596675231963348,0.0396529442147464,0.0492597819120214,0.0402801210633728,0.0538444396376214,0.053136740180339,0.0540651477351527,0.00713975041572686,0.0654968891146766,0.0619742436257231,0.0752201412552774,0.062009709819513,0.0504435357536319,0.050112792837995,0.0553886680753972,0.0526365572786287,0.0594390899662314,0.00660543976127506,0.0207194502547427,0.018513065933839,0.013980941603719,0.0119947167026498,0.0175830821776417,0.0270268245982101
"222","Pyroglutamic acid","[M+H]+",3.34,0.0103805367919898,0.0154164918417349,0.010557577075094,0.00729556859851668,0.00840541482259314,0.0534984871545786,0.0711962843210416,0.041078555788254,0.0551029467657098,0.0531957562573425,0.0537679729846932,0.00579151911403987,0.0604051982776568,0.0588975343299538,0.0711031261820681,0.0591118407897364,0.0385076523594356,0.0455175209701997,0.0447956130394259,0.0407343454278779,0.054300246895435,0.00566328407768798,0.0152206589634604,0.0100479915697373,0.00770117717386527,0.00744590090409433,0.0361659713930456,0.0586948261307319
"223","Pyroglutamic acid","[M+H]+",19.718,0.00955760385623972,0.011435959506067,0.00784227060209506,0.0100607785476906,0.00409892819404768,0.0342377911982707,0.0484619753198936,0.0499677852270435,0.0557500049487057,0.0517212414530717,0.0609091625705194,0.00948609558597818,0.0763222178485402,0.0767231579774171,0.0606956612660378,0.0687301435380715,0.0569109459898045,0.0528451041318126,0.0710808737257575,0.0590086696400357,0.0669038811935831,0.00614586693875005,0.00486081784470507,0.00534571714526126,0.0035987185053921,0.00188254112233776,0.0103902104063058,0.0250258757165652
"224","Pyroglutamic acid","[M+H]+",12.621,0.0162162096044441,0.0217465847287015,0.00953425567162668,0.00447083260703882,0.00657235014183806,0.0360576086024905,0.0476732738630019,0.0443446070837977,0.0546428941322254,0.0550691480857263,0.0508849272162534,0.00640766022333957,0.0680426583584246,0.0688761364410027,0.0767934411824391,0.0628439094843069,0.0492308693045694,0.0509820914454494,0.0586573990768316,0.0568547917054774,0.0578920974768923,0.00625926758134076,0.0134416698284376,0.0129242930465312,0.00958847538151132,0.00602604834044288,0.0211588360167568,0.0268076633691021
"225","Pyroglutamic acid","[M+H]+",1.7,0.0116232516410328,0.0230472656689975,0.00917028208637925,0.0102991606751644,0.00831068868372626,0.0105863814700907,0.0249879694264252,0.0371362113755037,0.0482782088148319,0.055170797557302,0.063783810654701,0.0111931448139059,0.101471333896368,0.10081533069778,0.101000469893506,0.0315074007762624,0.0624350573037471,0.0371103217783221,0.0611684858131297,0.07308725386812,0.0436745242178265,0.0116249403498559,0.0046990477883885,0.00407018724289471,0.00493960646465944,0.00533190083436602,0.0205192670840769,0.0229576991226358
"226","Pyroglutamic acid","[M+H]+",8.953,0.015230220027122,0.0185140931201208,0.00997293772345827,0.00530344071966472,0.00464731751597604,0.0410635038802199,0.0450821272632401,0.0491073184577745,0.0575546043124661,0.0603774170371723,0.0501085632412086,0.00638367422736563,0.0696629306271654,0.0659077896435384,0.083584255230671,0.0609508464776298,0.0470143447466289,0.0555955252965863,0.0521206350467582,0.0524195999603635,0.055358232483071,0.00751349179556335,0.0120878220271188,0.00891778788950106,0.00537343049224063,0.00408161546156996,0.0297399505478557,0.0263265247479489
"227","Pyroglutamic acid","[M+H]+",15.846,0.00727939188687872,0.0167484170423857,0.00910520306137747,0.00679461396831351,0.00822897976774934,0.0338729928172239,0.0494096274617094,0.0480227272171395,0.06156866677108,0.0557815463446295,0.0614053814212633,0.00520012041101273,0.0695272501908267,0.0695303795395588,0.0742538490184473,0.0538590981699348,0.0522230983771045,0.048581592749369,0.0611986918915597,0.0559250896839432,0.0606767345987083,0.00352659102797304,0.0126416326148994,0.00768898635485896,0.0048876543752495,0.00346090859646275,0.0242397954748047,0.0343609791655361
"228","Pyroglutamic acid","[M+H]+",2.501,0.00342000249688997,0.00375058956694369,0.00415818373832605,0.00427443214074101,0.00429443835745161,0.0190485786643131,0.0331136651502878,0.0205873665419202,0.0299193606583858,0.0239315464880662,0.0274235080612375,0.00256694242465162,0.0508368479889591,0.0429406878720687,0.0566736998143015,0.0416099017806736,0.144726923207336,0.0418184551294346,0.0314956450487067,0.0283215462532747,0.0371365864428484,0.00230556711973902,0.00787747634140174,0.00553265711457724,0.00441162997646988,0.00429016405209111,0.151287947031814,0.172245650537089
"229","Pyroglutamic acid","[M+H]+",2.012,0.00297604415719352,0.0414191645397814,0.00782757732588762,0.00456441979125038,0.00607345413422802,0.101653481777336,0.0757215891823552,0.0518139005690235,0.0557711561249945,0.0408415434448667,0.0418084974898815,0.00313749225153884,0.0268507297978928,0.0283526505579039,0.0339656778683329,0.0567220292666751,0.037831100511665,0.0365223670230532,0.0386847739585922,0.028980862361975,0.0497986705592976,0.00212993506404445,0.0292138985917718,0.0333243891058025,0.0209135870174519,0.0184544372984826,0.0664900751631215,0.0581564950656002
"230","Isoleucine; LC-ESI-ITFT; MS2; CE 5.0 eV; [M+H]+","[M+H]+",1.914,0.000251926581854,0.000425711468537593,0.00461760512816849,0.00469865345633242,0.00541362041722979,0.00743030594858427,0.0106865553230509,0.00556212953356116,0.00542554821517557,0.00591404542986688,0.00534205251787257,5.74849658233293e-05,0.00407948907443418,0.00382240525825936,0.00469805203607158,0.00861265704913813,0.00710350574034322,0.00903349392864385,0.00332953357272443,0.00301516197541901,0.00447000592400624,9.09705118248892e-05,0.886046626869962,0.00309047624497775,0.00294760113582185,0.00291721440493505,0.000361335043611732,0.000555832243770021
"231","Isoleucine; LC-ESI-QTOF; MS2; CE","[M+H]+",3.193,0.101560312419872,0.026631568004884,0.0142280481853709,0.0130650600063756,0.0143809998525642,0.0588306586805548,0.0547536766742818,0.043123372902963,0.0571660898867119,0.0591800276026752,0.0631605974164411,0.0119710507098941,0.0630822113636269,0.0777611406098441,0.0688826632270001,0.0108040341159335,0.0133322540858493,0.011349859476965,0.0172663682724907,0.0149647221543799,0.0340003844461231,0.0110087915311366,0.0202472340896067,0.0223233176041136,0.0195003843413813,0.0177229219685517,0.0400859269201006,0.0396163234503082
"232","Isoleucine (not validated); PlaSMA ID-101","[M+H]+",17.614,0.00929189107735784,0.0630080143208353,0.0143727051044727,0.0128316271630769,0.0112962102775761,0.017972231320997,0.0207908699603104,0.0198691540735442,0.0273970985834162,0.0277325134182841,0.0280767143427923,0.00861515493022885,0.0284921147708729,0.0327021515066535,0.0320167001694281,0.0318722559831307,0.0258495142454091,0.0226317875269377,0.0184743473451557,0.0237864193232453,0.0160298728683916,0.00848895374197431,0.0362791371220086,0.0398760564168396,0.0358902204005039,0.0336905402338005,0.183647149712895,0.169018594059862
"233","Isoleucine; LC-ESI-QTOF; MS2; CE","[M+H]+",17.238,0.00162294846545939,0.269142331043003,0.0135621327552981,0.00925646896371497,0.0104956477987417,0.0276052164479807,0.0324703274093742,0.0294487932683956,0.0375018604452009,0.0408340428186488,0.0424518249932228,0.00200883578067033,0.0424914009743379,0.0514081223518029,0.047886152423546,0.0524384738184203,0.0447061939618146,0.0107117591428149,0.011484471144367,0.00971305470151347,0.0254459175513637,0.00172138103387409,0.0381118654579005,0.0417011369133647,0.0394871781001966,0.0138222833430242,0.0244977279542758,0.0279724509376726
"234","Isoleucine (not validated); PlaSMA ID-101","[M+H]+",19.017,0.00683299703251947,0.0442704544788462,0.0197958631899129,0.0158640228262849,0.0167154627451408,0.0341253907691253,0.0376292734179002,0.0357736017213925,0.0459135827773183,0.0475553319939587,0.0502605527927227,0.00723709402964164,0.049041010779901,0.0586325769607241,0.0606238063298659,0.0289927691096702,0.021209153189893,0.0178496838272758,0.0141812914608701,0.0130245106816003,0.0196163223476629,0.00577483361442751,0.0678081461427068,0.0716690982307933,0.0642217267473208,0.0548356437594322,0.0452071979814475,0.045338601061645
"235","Isoleucine (not validated); PlaSMA ID-101","[M+H]+",13.404,0.00186558986055605,0.191817379624027,0.00861223010579653,0.00614423172832036,0.00635949542168995,0.0246857823025209,0.0324705651569659,0.0237504239175971,0.0323843519546757,0.0337279745715939,0.0442777907077263,0.00159022628887574,0.03636598551698,0.0423140980030988,0.0409154159712201,0.0201674590877958,0.0123131470977438,0.00931762898731905,0.0108029365021312,0.00846990018818617,0.0158694400297906,0.00239440628262503,0.00714223682198121,0.045879361363984,0.10278337977032,0.00705892953325841,0.0144117220696488,0.216107911133572
"236","Isoleucine; LC-ESI-QTOF; MS2; CE","[M+H]+",5.908,0.00957680461482109,0.0795389817764894,0.0290830218298338,0.0243439782401091,0.0273497331392444,0.0728908255234366,0.0404371036297795,0.0419906381843187,0.0628423313083403,0.0675115086615566,0.0530664550880971,0.0114823871314599,0.0506661620145856,0.0646544266069403,0.0567558783959336,0.034817310108626,0.0278169325529374,0.00885410791769767,0.0164253091930147,0.0181786420498393,0.0233853184045974,0.0109055664959731,0.022269925389633,0.0242844691006394,0.0210031527510073,0.0209193492686933,0.0379549904897048,0.0409946901326907
"237","Isoleucine (not validated); PlaSMA ID-101","[M+H]+",15.416,0.0551300911769161,0.0401458535314802,0.00725630469800874,0.00512840862433215,0.0197621195160211,0.0284821090286997,0.0339232225752279,0.0295396617258885,0.0387273309483233,0.04169777202506,0.043811807214152,0.00726360625987583,0.0426911987119976,0.0523114380062745,0.0504574885936183,0.0231297707367399,0.0156650284556797,0.0363843667657035,0.0122050375063368,0.0104226969102423,0.0172057097937619,0.00173521056776626,0.0107901484427378,0.012160874276935,0.0262963873468559,0.0105916426236562,0.30971229377867,0.0173724201590392
"238","Isoleucine; LC-ESI-QTOF; MS2; CE","[M+H]+",11.17,0.00795560620720378,0.0595784393055008,0.01365814688479,0.0105143275241876,0.0108529983267447,0.0430503518327017,0.0487169153159598,0.0405268959851095,0.056626334584499,0.0618026799751879,0.0567240714595895,0.00858339772272079,0.0635885281568409,0.0723627633933601,0.0739656080476643,0.0271763496008927,0.0192132001117909,0.0145295488145068,0.0148219675204826,0.0126598073089941,0.0242050984766681,0.00714035035311581,0.0271166348762862,0.0298882521679543,0.0105974590016364,0.0254328340165224,0.0771207047400079,0.0815907282890814
"239","Isoleucine (not validated); PlaSMA ID-101","[M+H]+",7.113,0.0304787413297454,0.0382709499702932,0.006868978454302,0.00700083442758514,0.00733938767708526,0.0394322781715792,0.0398692729941014,0.0328331632744228,0.0459635212205621,0.0744333962343746,0.0464886746412822,0.0331556388399254,0.0491608889728665,0.0564612901100287,0.0910677884781121,0.0344105147189406,0.0124045429655981,0.0395948513713991,0.0178516854828249,0.0186462612726058,0.0238740898513697,0.0346580752306652,0.0379630612681555,0.0155793482275481,0.0366343976696925,0.0335298137470899,0.0468634500910338,0.0491651033068108
"240","Isoleucine; LC-ESI-QTOF; MS2; CE","[M+H]+",28.618,0.00326178184946061,0.0217518278072683,0.0136166236331492,0.00801734114797337,0.00770549448702688,0.0428564101435986,0.0558216498623834,0.054971003044132,0.0656105162347831,0.0703772792280478,0.0729622170815307,0.00243031663781401,0.0813146344612055,0.0927695468911132,0.0972393805023988,0.0575135651251893,0.0380262801857749,0.0280049056762198,0.0271138185552823,0.024746266998145,0.0353909729124873,0.00276324890405206,0.00979306382405013,0.0131972089141631,0.0123339894103684,0.0108918126860569,0.0221772534973151,0.0273415902990102
"241","Isoleucine; LC-ESI-QTOF; MS2; CE","[M+H]+",14.108,0.00528692243610406,0.0133479474341018,0.0247066020571675,0.0186789475834513,0.00701576843888173,0.0310701350602034,0.0366111115328417,0.0307493535368233,0.0386259391809013,0.0700983945229768,0.0445829191963036,0.00505231325792621,0.046833115137529,0.0523586960758617,0.0518825603907958,0.0565911459557211,0.0401500544302505,0.0118709655490589,0.0302655072905318,0.0326232757961133,0.0264249654496063,0.00488151238564338,0.0535966335041456,0.147612947994056,0.00893199643233014,0.0567720114986303,0.0255817678150427,0.027796490057001
"242","D-Alloisoleucine; LC-ESI-QTOF; MS2; CE","[M+H]+",16.173,0.0030664606838577,0.017507606489425,0.0125375146235225,0.021526399636609,0.0085618977541854,0.0422113882404943,0.0468725109665399,0.0427716143979391,0.0579555849790135,0.0612602445200469,0.0616868449174691,0.00257189950597028,0.0623336138903515,0.0723446376667438,0.0723556473639151,0.033730572847101,0.0230714609636029,0.018412798930243,0.0196298524590228,0.0157251644221534,0.0269051567480901,0.00299422540114967,0.0385529977838926,0.0414085555418103,0.0107921224703493,0.0325962696228668,0.0755974450856156,0.0750195120880196
"243","Isoleucine; LC-ESI-QTOF; MS2; CE","[M+H]+",2.154,0.00737766165978219,0.0375504447643361,0.0121115028694083,0.0100749396708932,0.0115523096550403,0.065870053086966,0.064531434071177,0.0574293788752694,0.0642549660170536,0.0633258243165802,0.0632370086093085,0.00898105632815564,0.0666226579209019,0.065423217701731,0.0613399838299246,0.00553713912962117,0.0109178162677033,0.00564681617727984,0.0179680278554197,0.0137357892537181,0.0427322650050588,0.0101711127732281,0.0341479213851972,0.0368205730515571,0.0323679234439371,0.0286520165926265,0.0500044061405286,0.0516157535475965
"244","Asparagine; LC-ESI-QTOF; MS2; CE","[M+H]+",1.713,0.0157925981762095,0.0481107994205962,0.0222757941238926,0.0219937935921973,0.0163391454005027,0.0212009803912561,0.0449190253708628,0.0480852483133605,0.0589734573534931,0.060020369198628,0.0667216597348539,0.0177777420730311,0.101775015256123,0.0916783343890529,0.120781427731437,0.0105186269372503,0.0191351872137761,0.0141309456540248,0.0109334483914711,0.00784552394936592,0.0187676900655641,0.0181631855114437,0.0128641188662695,0.0115576166896393,0.0126628264153643,0.0155055861582883,0.0469982813285001,0.0444715722935455
"245","Ornithine","[M+H]+",1.574,0.00365755071681129,0.000499489549836018,0.00347239918134467,0.00353416026916121,0.00155222816874162,0.131444516481121,0.129944163758901,0.0658653547110641,0.0443099930357349,0.0674075908893142,0.0362391331166582,0.00184762031531529,0.0402145857544619,0.0504268955273355,0.139303022431981,0.0688923417008846,0.0663819556050424,0.0881596161070485,0.0246232060931293,0.0158549697723737,0.010918311336156,0.0028696880674232,0.000375140750896659,0.000313359118348815,0.000376860465757494,0.000352162073198903,0.000481750987132343,0.000681934014825999
"246","Aspartic acid; LC-ESI-QTOF; MS2; CE","[M+H]+",3.11,0.0110194735773365,0.092249970820856,0.0786950711413663,0.0678972749147211,0.0718954446667718,0.00327939920721079,0.00317303873959561,0.0402159640152424,0.0110244898172514,0.0109546346310815,0.00558243585924152,0.0125045071320171,0.154878341052437,0.180588302028194,0.15507094848375,0.00495841561382668,0.00581570719670394,0.00547887477712725,0.000106627461030005,0.000870325715946483,0.00167693709426406,0.0126109161438895,0.0152654455811837,0.0143427648838028,0.0157511956005569,0.0128311938018304,0.00555337403057321,0.00570892601219267
"247","Aspartic acid; LC-ESI-QTOF; MS2; CE","[M+H]+",6.054,0.0134293958925178,0.00737598504689027,0.0108876559714181,0.0116990273033266,0.0149593547894713,0.00502232690494846,0.00472864681769928,0.00662487450062828,0.0339973834004488,0.0298881331103171,0.0131832431543788,0.0177131023736667,0.0288383950906357,0.0206600413325728,0.0406798422319103,0.00683963972322862,0.000982988858729659,0.0310342235032798,0.00124268608031814,0.00330087983180185,0.00483943582603465,0.0187072025751064,0.163619144373082,0.163556774865462,0.164773669653942,0.16952445805237,0.00236282297206033,0.00952866576375517
"248","4-Aminobenzoic acid","[M+H]+",2.115,0.117175371502102,0.00299881728502659,0.0459312299253907,0.0436531995771549,0.0435267377974851,0.0246664614651968,0.0201689092902366,0.0086004615923477,0.0107768436459761,0.018400788619889,0.0113265486261922,0.12268935128501,0.00368103398359798,0.0038998871222706,0.00507888790522513,0.0118373238882353,0.0199045355318421,0.0191383098931855,0.0039920305490387,0.0035037112371625,0.00520339258888106,0.134632798012874,0.0789251053000608,0.0755808937932353,0.075125366024858,0.0805594050914222,0.00463970449207063,0.00438289397403281
"249","Phosphonoacetic acid","[M+H]+",6.732,0,0.0419730766626828,0.0386918082183815,0.034930974865932,0.02967531859028,0.0427710383654018,0.0462124290562228,0.0339587019869452,0.0457712126068536,0.0471036472382451,0.0341227985282838,0,0.0433335753934534,0.0482729963331204,0.066817230269317,0.0541734645120225,0.054595750767649,0.0630909802542391,0.0481763930792327,0.0672331018736569,0.0746853927304012,0,0,0.00022359766135759,0.00868169886740267,0.0113412690704271,0.0229357512710597,0.041227791797432
"250","Phosphonoacetic acid","[M+H]+",2.268,0.008577164788629,0.0584394475252456,0.0526405485484858,0.0469086454254067,0.0626492341805697,0.00251381090654005,0.0184233098646216,0.0366656576046297,0.0165716214545469,0.0075747015224739,0.0202080024210157,0,0.0127112947035791,0.012198927644753,0.0349000281639204,0.0731257909932827,0.0840290683186323,0.0948516940007,0.0583066014378172,0.0659108141297646,0.0755379624993688,0.0219211166439971,0,0.00903041785891333,0.0213007405378896,0.0295316531579747,0.0345557006368639,0.0409160450303786
"251","Phosphonoacetic acid","[M+H]+",29.932,0,0.0269223775249032,0.0347797646603707,0.0300276203703113,0.0475267221395832,0.0341426627823629,0.0306683707276204,0.0357233940796845,0.0382585896742453,0.0417505160456112,0.0437936644543891,0.00418947691779896,0.048135852342947,0.0536086818550096,0.0690050986669037,0.0604143119118676,0.0477099200245045,0.0596554282171786,0.0661454648144664,0.0667255177433979,0.0604680440615789,0.00311676872320113,0.00220531225772681,0.0168525193730796,0.00484780631174205,0.00976236321070269,0.0337925746093978,0.0297711764994151
"252","L-Histidinol; LC-ESI-QTOF; MS2; CE","[M+H]+",1.699,NA,NA,NA,NA,NA,NA,NA,NA,NA,NA,NA,NA,NA,NA,NA,NA,NA,NA,NA,NA,NA,NA,NA,NA,NA,NA,NA,NA
"253","L-Histidinol; LC-ESI-QTOF; MS2; CE","[M+H]+",1.574,0.0445046572234434,0.000587479591801632,0.00140186449352202,0.00100890754689627,0.000484365407816835,0.00216869535336216,0.0111821274947918,0.00563916432442843,0.0210349060230247,0.0071316768824079,0.0111702170498005,0.000815708284497188,0.273736700720535,0.107339109090014,0.230618027397292,0.0232018173686656,0.0230876262514938,0.0518542901311358,0.0857384094051103,0.0533140763835409,0.0404619823988117,0.00124212634315629,0,0,7.45408144171455e-06,0.000100160335134917,0.00100562833598248,0.00116282208189336
"254","4-Methyl-5-thiazoleethanol","[M+H]+",9.642,0.000734587753037041,0.00130661929658589,0.108921284933496,0.122042104693172,0.108059493407799,0.111491542999839,0.0991363900880599,0.05570405471124,0.0501208944827261,0.0393529537119441,0.0560052675721782,0.000704838202033402,0.0505418791004677,0.0346228395650979,0.0344064274286348,0.00925718411636125,0.0079902658050936,0.00703451984692035,0.00931872453822793,0.00971778108316407,0.0171447795903683,3.76489216700983e-05,0.0143565193068301,0.0164941787198099,0.0158912695274404,0.0159692264584922,0.00203396305006922,0.00160276108924183
"255","Indole-3-carboxaldehyde","[M+H]+",6.358,0.00148322954928058,0.0286147764504279,0.0174068245523655,0.0177324560591384,0.0176654006863874,0.0549723859062302,0.063754027416105,0.0548073667703546,0.0673766899180747,0.0748043332698343,0.0819494937439684,0.0013321073307423,0.0827612331063822,0.0720086445975714,0.0767129054489284,0.00272566522907541,0.00535414097427062,0.00293401435680433,0.0187519080359384,0.0151257944109406,0.0371634941859284,0.00160376250605285,0.0304392870153514,0.0311167255501963,0.0293242028325206,0.0254472541220717,0.0445860035780141,0.0420458723970436
"256","Indole-3-carboxaldehyde","[M+H]+",19.587,0.0211144546208991,0.0164061168051045,0.0443008310753631,0.0415284582409584,0.0813025572159682,0.0345538567669278,0.0290556064893844,0.0163690159651744,0.0410309607368475,0.0597030134092708,0.0204070563620761,0.0263339935106055,0.0678110904155171,0.10375299532476,0.141187863746876,0.0157762872435245,0.0103666487164541,0.0117568068138961,0.00884772925483526,0.0170915753495273,0.021555992168814,0.0214881999152377,0.0194666655922762,0.0292511799168221,0.0223688818191283,0.0269733130966041,0.0246621770895077,0.0255366723376405
"257","2-hydroxyquinoline","[M+H]+",16.371,0.00305992072842546,0.0137360532690256,0.00634807499643074,0.0725529379386525,0.0059212870110881,0.165141491867167,0.137979926990814,0.055683947368417,0.0638117253396779,0.0792051486217751,0.0370501395394491,0.00348600078619973,0.00345696036616722,0.107121779808702,0.00404244724466049,0.0180031174667754,0.0175481201068066,0.00549380648790685,0.011638633171002,0.0187771285346689,0.0231359309114403,0.0212981047747883,0.0289088955546596,0.0277355825587516,0.0250551379389942,0.0306749747712313,0.00638781127863738,0.00674491456768579
"258","4-Guanidinobutyric acid","[M+H]+",2.223,0.00760993505123331,0.0266005324242055,0.160345979689555,0.125883004641802,0.219983689052693,0.0478826036209202,0.0593227798496103,0.0268634088637697,0.0233671364451766,0.0191980631912178,0.0199596941226648,0.00770168402509449,0.00420617361005554,0.00652604562058695,0.00593085676947061,0.0275425048539824,0.0129643634872328,0.0130191163506322,0.00483710170936778,0.00593280860263646,0.00462754974620432,0.00773344468810989,0.0208571302541589,0.0190365972996857,0.0218846028343433,0.0347173656954738,0.0320621608608548,0.0334036666392608
"259","Spermidine; LC-ESI-QTOF; MS2; CE","[M+H]+",28.409,0.0126745671709102,0.0199987617535465,0.0482967789943411,0.0449658891675806,0.0408941191548944,0.0474932425765088,0.044037536225423,0.0396457021269784,0.0453991953130026,0.0391933519052244,0.0450657332312349,0.0160663659966125,0.0344943710372194,0.0425312764428736,0.045023586004609,0.0305511561696127,0.02907620924334,0.0286153517519104,0.0334905818840462,0.0355360652269381,0.0282641502961556,0.0176466733596117,0.0446177167576206,0.0392555656065111,0.0492103529397618,0.052755244470433,0.02716413362267,0.0180363215704295
"260","Spermidine; LC-ESI-QTOF; MS2; CE","[M+H]+",1.496,0.0177251188798384,0.00108264627414719,0.0449444660212848,0.044569494648114,0.0413150466583508,0.0507594096353922,0.0510703190477331,0.052248537883787,0.0752405864114526,0.0568757009658914,0.0687089624093869,0.0153101286542724,0.0449973590511384,0.0478552675055206,0.0545229963729373,0.0474879881731022,0.0443400286737215,0.0395393521858503,0.0537427775899167,0.0603095770826222,0.0372444150101318,0.0110481795318103,0.0147101203020601,0.00616337337513387,0.00671124253589676,0.0063821155273431,0.00252336925996076,0.00257142033320346
"261","Glutamine; LC-ESI-QTOF; MS2; CE","[M+H]+",16.056,0.00899043811796157,0.150308224973006,0.0065586846952199,0.00490230579473074,0.00605229607232608,0.0114176580704893,0.0121214037633621,0.0104911678744398,0.0207111208933324,0.022080531129281,0.0222079216422919,0,0.01722866019068,0.016153623287288,0.0188295796388857,0.0164999804116308,0.0153042020848749,0.0150935468356019,0.0204505974717063,0.0178530701548093,0.0135597227465621,0.00222332712965713,0.043666347321469,0.0386020077455094,0.0332100493887579,0.0216140370442696,0.231882430192398,0.201987065329459
"262","Glutamine; LC-ESI-QTOF; MS2; CE","[M+H]+",13.019,0.00613188644857927,0.184307991184897,0.00581470109683786,0.0131064572235418,0.0193124574975525,0.00742603385669176,0.00931145528536005,0.0079014222217096,0.0132011452339511,0.0136911069799949,0.0134470223309398,0.00504067531956619,0.0106164353135934,0.0125967785502276,0.0126987142848904,0.0111777832469088,0.0104749877918709,0.0107639615717867,0.0103561407006165,0.00973096603435858,0.0092839451062041,0.00522903821763965,0.16774444742493,0.129354576906693,0.0114554568115905,0.144677512899001,0.0690558490927174,0.0760910513673494
"263","Glutamine; LC-ESI-QTOF; MS2; CE","[M+H]+",6.856,0.0113163094659269,0.151865343626473,0.00423052306829805,0.00331412335998146,0.00394395664598554,0.00575829603315391,0.00520016040544901,0.00441913424654094,0.00800605997177783,0.00730647218847087,0.00614236927776766,0.0109041351238283,0.00683904231958018,0.00619777427848252,0.00713076559222901,0.0150504420927934,0.0108340069417184,0.0195577784099417,0.00630285444620522,0.00909903820755256,0.00653638253824708,0.00915892742595118,0.0891712221543472,0.0902830590167142,0.0832479941035527,0.0741996649243073,0.174721675196105,0.169262488938618
"264","Glutamine; LC-ESI-QTOF; MS2; CE","[M+H]+",12.211,0.0321021475794628,0.0661332214364241,0.0061786803756778,0.00505774357685259,0.00977146646851862,0.00920870241153089,0.0111449256006076,0.00886099227667003,0.013986949678612,0.0136417811646379,0.0143009628397809,0.0202044922575259,0.0122607791576593,0.0141856060466309,0.0142053650993311,0.0143806549527459,0.0129962914471752,0.0114021212367921,0.0111020459966151,0.0128160823275279,0.0105273117251285,0.027502305701077,0.124970679123561,0.186520374247936,0.172777830113305,0.0843062207155056,0.012560198495672,0.0668940679470369
"265","Glutamine; LC-ESI-QTOF; MS2; CE","[M+H]+",3.872,0.0462831561218842,0.126459981809568,0.0122378880228651,0.0124463830020044,0.0144325089860807,0.00895704066295416,0.00622162496890086,0.00613335610676475,0.0121709657714964,0.0113150822549802,0.00799222398529415,0.0477891434980862,0.00892952539688996,0.00878874637871736,0.0106016626489412,0.0204586446734657,0.00767015890999109,0.0164356788394194,0.0134826056940253,0.00634121054833372,0.00679668845975069,0.0513892849120721,0.068685525977217,0.0662282706854402,0.0641678701926663,0.0562700976495349,0.14685870837075,0.134455965471906
"266","Glutamine; LC-ESI-QTOF; MS2; CE","[M+H]+",2.241,0.0298224302505557,0.0499754892761698,0.0465972414810281,0.0421545914698959,0.0489504263743773,0.0127352401088685,0.0116326776738803,0.0108878238100359,0.030339583212525,0.0161315357405078,0.0247151952013337,0.0336225321063105,0.0262231901986451,0.0337158116377256,0.0173896077313805,0.044446653152278,0.0278608133863103,0.0319160154251312,0.0267953359800602,0.0270486381558857,0.0248101733526545,0.0289948409480084,0.0525778924294011,0.0526536843074789,0.051678545471052,0.0454816728579856,0.0737990355200035,0.0770433227405107
"267","Glutamine; LC-ESI-QTOF; MS2; CE","[M+H]+",3.255,0.00529632057716405,0.202555495095102,0.0053317116251645,0.00370486263703062,0.00425483715853906,0.040726843621441,0.00517783633523237,0.00619076402517919,0.00600509267830526,0.00807640400642784,0.00409348708151785,0.00298788492849544,0.0336063270488465,0.00435276707939546,0.0402934188175277,0.0055912441859416,0.0795003106980426,0.0567980281414933,0.0032663758277702,0.0030769321584401,0.00348296194827709,0.00810660408079203,0.0118632246477617,0.0104809640199055,0.0106509281039028,0.0131267108550357,0.212671654844833,0.208730007772435
"268","Lysine; LC-ESI-QTOF; MS2; CE","[M+H]+",2.631,0.00225698978276923,0.00506445621371055,0.00357429193486813,0.00337963886514088,0.00332484748972587,0.047703127399343,0.0384921433785939,0.0312535790910174,0.0702516783498474,0.0800550778612913,0.069266397849534,0.0013288859255744,0.0499984019975145,0.0575025239748269,0.0542950874815327,0.00741988903963019,0.00813763892931474,0.00702784872363247,0.184921564468159,0.155218314227529,0.0199201699112461,0.0013718207442393,0.0170872331350123,0.0216254079426293,0.0231552526722325,0.0200382025997921,0.00784216389253055,0.00848736611876179
"269","Lysine; LC-ESI-QTOF; MS2; CE","[M+H]+",1.607,0.000911572562924544,0.0319659534472138,0.00425305205591019,0.00389659158402951,0.00308381115565119,0.0855811197054342,0.100675682528014,0.0643554608391211,0.0628164654528622,0.0532016085539035,0.068988700809741,0.00116619977024129,0.0594772052630472,0.092131233183499,0.093657485347524,0.00711291833938357,0.0100939945976736,0.00792475025442017,0.0142931643362533,0.0112657230014274,0.0222833347551221,0.00205437894147224,0.0317709591646668,0.030797920974757,0.0315579361510577,0.0288757493116393,0.0369904667278953,0.0388165611851145
"270","L-Glutamic acid; LC-ESI-QTOF; MS2; CE","[M+H]+",11.256,0.0554223586783761,0.0405998839628987,0.00763497232372693,0.00359780388411767,0.00401152355991112,0.0292018643747816,0.0299780671169819,0.0233908675102069,0.0334267586487822,0.0399259418394325,0.0353079500934165,0.0557113884313264,0.0517975280143071,0.0459746255475514,0.0477460090720689,0.0484926604088554,0.0318793492652968,0.0283102198114323,0.0626286495985686,0.050995600667394,0.0571838563010825,0.0581787181833412,0.0247316296558346,0.0172755336898778,0.00819145292567418,0.0243874301927772,0.0184129438982513,0.0656044123437283
"271","Glutamate; LC-ESI-ITFT; MS2; CE 55.0 eV; [M+H]+","[M+H]+",5.222,0.0248432864872695,0.068785945577287,0.00264218288373384,0.00184750233123799,0.00173261530197454,0.0194343616934596,0.0199769290428495,0.0127696465269835,0.0209713491606034,0.0207145282147696,0.0223272695997513,0.0261770488488664,0.0233933696272132,0.0476610138546454,0.0348679040586174,0.0287884201600029,0.0213824165809113,0.0189409087754135,0.0690118040613334,0.0625418038500886,0.0541583778204962,0.0278650235839804,0.0743375059224007,0.0733468429454777,0.0677613777993717,0.0599590411293754,0.00384093714258123,0.0899205870193048
"272","Glutamate; LC-ESI-ITFT; MS2; CE 50.0 eV; [M+H]+","[M+H]+",7.202,0.0126751829306075,0.010279502188826,0.00324158454877074,0.00255721330620495,0.00283665981168196,0.0175424415816197,0.0213841731293465,0.0142419445581489,0.020824212218549,0.0219619069446824,0.0421844974454437,0.0116339805831908,0.0243333692435844,0.0352664134235417,0.0353735848006934,0.0530576629556045,0.0411468039117985,0.0189649223124476,0.06415775718251,0.0624972110651408,0.0483137467365172,0.0114446190573694,0.10562606251267,0.103756398722375,0.106610132218459,0.102212558802189,0.00265771030933473,0.00321774749869252
"273","L-Glutamic acid; LC-ESI-QTOF; MS2; CE","[M+H]+",1.697,0.012127003876626,0.0129675881108632,0.00724993636484608,0.00790782499461403,0.00541146440372956,0.0137230988500266,0.0315190553643656,0.0439079728463725,0.0567356558758002,0.0632159131532959,0.0716112207029226,0.00852764214241809,0.0933733778790828,0.087421087098518,0.103737137771193,0.0339071273871611,0.0690021522401069,0.0387565401957734,0.0668880130428215,0.0821807056053281,0.0397674003557064,0.0111882905887548,0.00366557089673452,0.00319535690724682,0.0040013876280349,0.00529092908219073,0.0116783084717149,0.0110422381637514
"274","L-Glutamic acid; LC-ESI-QTOF; MS2; CE","[M+H]+",4.07,0.024628765091631,0.0139481336509323,0.0037364738586696,0.00302862491200289,0.0858426074181459,0.0239629987432451,0.0231112983295645,0.0158146706548428,0.0253586375165721,0.0330906160924498,0.0356122099145733,0.0254890029085535,0.0510978694475784,0.0501163702837245,0.0477545316753621,0.0383375681308861,0.0337235927682075,0.0276947128107268,0.0425028765099186,0.0478386968719238,0.116398332494042,0.0295790801435319,0.0423031919367475,0.0419496263365593,0.0404783219937919,0.0422915568916214,0.0171142636416985,0.0171953689724965
"275","L-Glutamic acid; LC-ESI-QTOF; MS2; CE","[M+H]+",8.304,0.0368508605948602,0.104691518996961,0.00216461454252567,0.00150665082263845,0.00102103694647996,0.019294140022859,0.0255486604013402,0.00649935431508132,0.0190656388845104,0.018394503109828,0.00968352850008019,0.0456373220037629,0.0166071232988157,0.0212566525060779,0.0236288385683261,0.0176585171248393,0.0131467070069147,0.019154256511372,0.0349743478183793,0.0373838237822308,0.0249085892378884,0.0394415089993924,0.0525254615063361,0.0530636399204097,0.0496626937037578,0.049614416783053,0.127939391782259,0.128676202309019
"276","Glutamate; LC-ESI-ITFT; MS2; CE 50.0 eV; [M+H]+","[M+H]+",13.922,0.0331882667526534,0.0250258076117769,0.00198288497439801,0.0115563574529202,0,0.019599663048812,0.0210153836870003,0.0169913282044025,0.0238567299082688,0.0265769612093264,0.0245558621076069,0.0139165783312299,0.0251429017127742,0.0285630497632604,0.029313275787238,0.0285509873056199,0.0252199837591593,0.017983587931279,0.0482200503478483,0.0610163565291125,0.0419372751548906,0.0316687893650051,0.0917626784357026,0.0839746458254858,0.0814510423908432,0.0810770081352287,0.0514702452349942,0.054382299033163
"277","L-Glutamic acid; LC-ESI-QTOF; MS2; CE","[M+H]+",5.873,0.022282328170305,0.0463706661373826,0.0135234440794267,0.0142979449170417,0.0142198497145816,0.0209461798256904,0.0210182897602244,0.016495004164958,0.0522701332765055,0.0312270064463844,0.0284796967884773,0.0275642016752872,0.0541044207762341,0.0438862781890887,0.080375553700003,0.0388657135969733,0.0286105125245853,0.02568687042239,0.0493286428903153,0.0458313110654128,0.0450544089526419,0.0132868647166735,0.0215029531025228,0.0191201713492607,0.0149701586009985,0.0139738802907708,0.143508518183136,0.053198996682728
"278","Methionine","[M+H]+",2.102,0.000623696927233633,0.0387371873139806,0.00259275713703501,0.00285024309798754,0.000939818808890986,0.0604488951978317,0.0592347685314233,0.0610589722258603,0.0777264718170021,0.0737907596684527,0.0758894925948721,0.000935202650947063,0.088854045768476,0.0896376072770589,0.089327826419215,0.00574679226679606,0.00854278373240674,0.00558510213934931,0.0116234916825955,0.00823501599097593,0.0471747934021098,0.0009492720110972,0.0215337302582859,0.0212111121222091,0.0203977809956692,0.0203402308349503,0.0541272382330706,0.0518849108942175
"279","Methionine","[M+H]+",15.518,0.0188695588751482,0.0846519392991009,0.00187306291253273,0.000312781079060876,0,0.00992018408225034,0.012290975731626,0.0104150590982362,0.0238457047552347,0.0165276495354707,0.0185386334406841,0.0269872930446792,0.0218650366567081,0.0191296058473935,0.0176719517798159,0.0260202665946025,0.0169987391199404,0.0387539141602093,0.0344662184820634,0.0143724664516908,0.0086745282915563,0.0226253740780076,0.0730490023026873,0.0781831514064165,0.0720405637173816,0.0662354318379814,0.133109977689876,0.132570929729646
"280","Methionine","[M+H]+",4.299,0.00362199655923317,0.0528564689539162,0.00180574299767315,0.00154221513498958,0.000804884218453196,0.0469338796500106,0.0393684083600968,0.0316963933790951,0.0945996352051392,0.0942411319825536,0.0568550466499666,0.00570625192371441,0.0784620305064691,0.0621868201887755,0.0829521664077725,0.0206101484278248,0.0162123035222807,0.0241925985510288,0.0129187932423101,0.0125107571099507,0.0249834633581802,0.00532133967104038,0.0312017034156757,0.0358281027539314,0.0317851819187827,0.0309346475315476,0.0690368189558854,0.0308310694237029
"281","Methionine","[M+H]+",3.689,0.0020364213902933,0.0383910073054946,0.00189907545889808,0.00161909084543649,7.17485470688016e-05,0.0484334705319277,0.0431991582781153,0.0369582464195063,0.0573016829562293,0.0550736056575597,0.0636881928843767,0.00257468844242145,0.0610710320148623,0.0736893669644449,0.0664104594352301,0.0395637878991064,0.027504758211309,0.0108492401516565,0.0356895987451894,0.0327287220941855,0.0419475175965464,0.0026610228807888,0.0327123506109267,0.0361141475396174,0.0310264482734829,0.0528467804074359,0.0532503099626394,0.0506880684952507
"282","Methionine","[M+H]+",4.012,0.00295051619180998,0.0180311141635322,0.00274866354077517,0.0027226793366307,0.000726615323903484,0.0679080728636329,0.0733248706002641,0.0496508646249093,0.076454572975682,0.0761649255236011,0.0776761713807807,0.00463445992725022,0.063416430529015,0.0795123230656172,0.0670441703689252,0.0291457955208169,0.0204589951650068,0.0331006616191834,0.023470074897816,0.0228825592359041,0.0308118518788413,0.00432347568432567,0.0329813676835424,0.0365291307043371,0.0287702328881803,0.0268096544579016,0.0228160599153611,0.0249336899324542
"283","Methionine","[M+H]+",12.744,0.00229628638046752,0.00479476359247644,0.00127577761345833,0.000682102778981843,0.000203933184312592,0.00830876332616561,0.00790173272025181,0.00924444926070414,0.0130705426224817,0.0119218930167068,0.0173047148349298,0.00300138679948211,0.0121144584115976,0.0135493921596958,0.0163438710262316,0.0118824280181658,0.00711741899476161,0.0201324542242847,0.00317363891084537,0.00516442568936258,0.00780044961200779,0.00208258610480748,0.0101515776083588,0.01004332508903,0.00920929056494726,0.00850651328296092,0.408715510622686,0.374006313549838
"284","Methionine","[M+H]+",2.902,0.0152321821254001,0.0201150553068818,0.00319772863769462,0.00326426840589044,0.00336693505658529,0.0577748864642357,0.055290284408607,0.0483968806064525,0.0638373018585223,0.0636152472290671,0.0679792584520179,0.000961021898199152,0.0649118287225603,0.076266151330593,0.0643044423806171,0.0926833104760107,0.00545866853277823,0.0197025458024168,0.0272800667607161,0.0071380277174016,0.0321624141142712,0.0184285799176519,0.022438814111595,0.0245862903558912,0.0215810936135164,0.0159166748729209,0.0343025487991352,0.0698074920423706
"285","Methionine","[M+H]+",10.973,0.000541975647021839,0.411664521216672,0.00148696993334215,0.000427727321409562,0.000232151514721628,0.0195234054390072,0.0192869673559866,0.0169169914261054,0.0288037987333633,0.0782374428907274,0.0399502480127199,0.00021926473676157,0.0206963910127105,0.0210502539940619,0.0208686117904344,0.0465769396775699,0.0289702078269091,0.00464693783985042,0.0234258250236176,0.027408055997779,0.0184643433141609,0.000144146011453783,0.0384911904072702,0.0428250102254959,0.0378903127996424,0.0332637429274782,0.0094156593411651,0.0085709075825621
"286","Methionine","[M+H]+",6.545,0.00371858974997687,0.039286978662475,0.00267060464000728,0.0012652727303859,0.000663729277263357,0.0346114817700088,0.0364699946868767,0.0345937143916829,0.0512748642125693,0.0470149498461735,0.0477884273487225,0.0072144101112699,0.063654825176575,0.0602477772155203,0.0648749700558408,0.0341484335798807,0.0217253601207356,0.0337422345512565,0.0650579643788894,0.0640618948389829,0.0466947178422625,0.00502576576191371,0.0281813675921923,0.0303270606748876,0.0269278161721902,0.0213776870297912,0.0707437189173662,0.056635388664303
"287","Methionine","[M+H]+",15.021,0.000658564899358953,0.118387341931095,0.00182163799827995,0.00165175241412147,0.000768467342778856,0.0131347915812462,0.0157351273801977,0.0152328019004792,0.0199057551557509,0.0211366092037065,0.0265064999064263,0.00023954933733292,0.0231709707458224,0.0250641719634002,0.0224731668752303,0.0585827510081166,0.0405118967895424,0.0230098160410381,0.00737381080091089,0.0514234965692309,0.0241179712422162,0.000140577155114269,0.119149727649882,0.124664377665584,0.111576456244032,0.110674309807323,0.00888318656569594,0.0140044138260873
"288","Methionine","[M+H]+",6.072,0.00243641104712489,0.031494259233651,0.00348153653579278,0.00267900699489177,0.00022690679722892,0.0594894918709596,0.0725859925879892,0.0368128419448394,0.0552930097890233,0.0735351114852949,0.0553262597782336,0.0030451029025825,0.0548724933691909,0.0729378070433606,0.0576084610244067,0.0426851297743619,0.0270386977655881,0.0151734847284718,0.0466179082994867,0.0428369724403202,0.0452477382143101,0.000191140252543892,0.0335370416833441,0.0399083624635115,0.0319652955046392,0.0261249679296462,0.0269723865288282,0.039876182010378
"289","3-Hydroxytyramine","[M+H]+",3.052,0,0.00432935188400803,0.0303824580166208,0.0288402834918203,0.0375162997064958,0.133199560091743,0.0637324566890801,0.0689823802067911,0.0424304528771527,0.128156778479677,0.0147680991442311,0.00326711685271261,0.022649818281321,0.0416809555518878,0.0963539152085465,0.0413617889548463,0.0563894988671864,0.0393611383207033,0.0370504329035502,0.031720629149498,0.0308739897624213,0.00247626201598329,0.00601888469017061,0.00359666079351194,0.00629340339845859,0.015189874891503,0.0087956087738366,0.00458190099624272
"290","Cyclo-prolylglycine","[M+H]+",7.368,0.0118975927903015,0.0683370116548963,0.0097385806647855,0.00805983608326494,0.00947147503382609,0.0140734599348493,0.0319222168149824,0.0275591214199296,0.0106714069054755,0.0119602463704162,0.0177386943715578,0.020617246398125,0.0124945724876606,0.00998224623804542,0.014063965227933,0.0467999822739947,0.0126397113341102,0.00851752498450291,0.0298410670289459,0.0264093526117359,0.0184011703183402,0.0169862005633367,0.0163686043350324,0.0166308956135938,0.223090531408313,0.219226731256197,0.00862751810131896,0.0778730377745288
"291","Cyclo-prolylglycine; PlaSMA ID-262","[M+H]+",3.559,0.0043628270599662,0.0281041501237297,0.0105186810366691,0.00875818606855799,0.0135552061403772,0.110053086530366,0.0969364159925784,0.0580585257965873,0.0460593544389882,0.037610759981934,0.0417355127741856,0.00473756424803337,0.00702888041609514,0.0053122623875796,0.00967862414711251,0.0120245352047484,0.0122951751548007,0.0122772313187464,0.0055682812722214,0.00471252196437135,0.00526554182099197,0.00516087735685476,0.0951166902482702,0.110397426520321,0.0843480060161127,0.0917723700094033,0.0420391386724057,0.0365121672979924
"292","Histidine","[M+H]+",1.697,0.00222034914339768,0.00106889665401639,0.00975341342804221,0.00799864266377921,0.00791841923140056,0.0330250913368775,0.0599474745692518,0.0465982802230388,0.0618776268771106,0.0654072188825226,0.064845792801985,0.00236480661242795,0.0517935730405445,0.0461115483128382,0.0742049162309005,0.00602735040774755,0.0103841936482458,0.00892889959038189,0.0172469715930356,0.0128142920557667,0.0144148195997363,0.00244628035693004,0.0252255746827254,0.0241962411891714,0.0238301645860549,0.0229986211118047,0.151080224060717,0.145270317109549
"293","Histidine","[M+H]+",2.59,0.000488424889822516,0.928278625055336,0.0106808435361972,0.0117145713522392,0.0109668821431103,0.000803385084926084,0.000921436535347536,0.000848738123108098,0.00173031391124401,0.00183746696680289,0.00131285476280486,0.000416257576335286,0.00152223345772158,0.00152189336816973,0.00196429707583906,0.000526413979808703,0.000668063607535887,0.000675447743695979,0.000688877398693344,0.000369478957292081,0.000806029708244829,0.000417232810301329,0.00187363448124422,0.00191652924654686,0.00192497868605203,0.00158840805166269,0.001501059389048,0.0120356221008695
"294","Aconitic acid (not validated, isomer of 271); PlaSMA ID-273","[M+H-H2O]+",2.095,0.179895050541024,7.10118558690847e-05,0.0237539639535448,0.0304142122914735,0.0247366900526023,0.000438622034540921,0,0,0.000534857542454349,0.000423254171516462,0.000515404006890738,0.200547924526733,0,0.000801071363689617,0.000455351788411764,0.052240692130131,0.0520046262715267,0.0769568032952598,0.00156276974622562,0.000816926640280151,0.0011481098227345,0.227967274336389,0.0296229823811106,0.0308301624273454,0.0288827875382543,0.034934586053098,0.00016065294494739,0.000284212283947217
"295","Ala-Ala","[M+H]+",1.711,0.0627921593232635,0.0293237351021514,0.0329864942869568,0.0279725695961744,0.0298665116365599,0.00440607623515928,0.00453287204065812,0.00644777732561473,0.0212210832656185,0.0224396273931432,0.0181394648337689,0.0782184879112544,0.0166084968001766,0.0135731652756492,0.0157567512308329,0.0727532491989006,0.0673873900355556,0.0768749296787887,0.0564699712549748,0.0559057600488805,0.021328565256187,0.0835343124912941,0.0347124986140382,0.0309566772296638,0.0275676623171151,0.0292543652240233,0.0305092702874883,0.0284600761061081
"296","Tryptamine","[M+H]+",10.202,0.00120122534480614,0.00374615943270278,0.00530143545309691,0.00711682970356035,0.00617084550137544,0.00484618197881828,0.00282574824502019,0.00269072148653708,0.00710524888477116,0.00997835791798084,0.00637402211841693,0.00122133395151516,0.00339817600913906,0.404392937295359,0.520717677311863,0.00111148693576138,0,0,0,0,0,0.00142325830843735,0.000335096011055014,0.000293957713747562,0.000387587443493606,9.07810967060749e-05,0.0056470695952798,0.00362386226055632
"297","O-Acetyl-L-homoserine; LC-ESI-QTOF; MS2; CE","[M+H]+",2.171,0.00488981998622683,0.0271015176024289,0.0143648961894959,0.0175696780535029,0.0152248278890066,0.088441055928148,0.103328359816276,0.066081677189137,0.0293579367165835,0.0460059510290666,0.040577052124674,0.00464673609684045,0.0224192330480309,0.038017448994093,0.0286738077213857,0.113038951885757,0.0625184577614671,0.0688705730252132,0.0265222942226904,0.0400426849828814,0.0257928332127334,0.00563177172345228,0.0103899712261602,0.0113162959940265,0.00827917787898164,0.0116842808124071,0.0376562011753869,0.0315565077139471
"298","O-Acetyl-L-homoserine; LC-ESI-QTOF; MS2; CE","[M+H]+",1.948,0.00263821062214932,0.014710569168271,0.00665770958901428,0.00976425564593204,0.0079160899425186,0.0292825277182479,0.0276030517268328,0.0259748407094503,0.0334070361796747,0.0422389216384111,0.0431614004897006,0.0397238770017178,0.0553564195393419,0.130710534501316,0.078522132525419,0.00593639970707917,0.00430027025095588,0.00348422278106085,0.00409391804881227,0.00389680460889698,0.0235337972273758,0.0684596460391808,0.0583981821907633,0.00671277793521523,0.00458055356403196,0.00638925315237681,0.145310163809582,0.117236433686672
"299","Carnitine","[M+H]+",1.854,0.000634343217828256,0.00143759604023059,0.00203550227185155,0.00258861356832859,0.00290095616536277,0.0317220767519318,0.0241043292842801,0.0304540426291971,0.0252562638429857,0.0267772360936721,0.0157671170720268,0.00120181753463964,0.117480391399616,0.104150361672207,0.152273125799032,0.0223994192012057,0.0288257831069532,0.00923033782671075,0.118505094598431,0.11361243745691,0.135561751640021,0.000909745940902632,0.00762718249141268,0.00832230458647958,0.0062097588490376,0.00653445822491984,0.00188764796308763,0.00159030477073826
"300","Methioninesulfoxide","[M+H]+",1.768,0.0214931224909179,0.038109245197313,0.0498753299407,0.0454328974346171,0.0618699182244527,0.0884109949852653,0.0800711502383315,0.0576857640060015,0.0279284564691,0.0513822559158157,0.0235536552332855,0.0202491527543551,0.0573944487158559,0.0267759878629004,0.0626342276977756,0.00887909348763043,0.0173540756193967,0.0130845221241083,0.00641878675266508,0.00523173824084088,0.0319611517678163,0.0236166311216943,0.020468029564141,0.0206372975251018,0.0211149163141458,0.0347650355323405,0.0402005908637739,0.0434015239196577
"301","Phenylalanine; PlaSMA ID-359","[M+H]+",12.416,0.0412034000117081,0.00564056515240293,0.0965720882971625,0.0169685353382858,0.101191985988996,0.0194025863382234,0.0177946569040649,0.0186339773738545,0.026468100299164,0.0283569283757255,0.0234248225101725,0.0540102316605637,0.0367909955821862,0.0225017647313319,0.0356271876304372,0.0201131309437194,0.0212983817050987,0.0439028896263182,0.0119818812153382,0.0153700506936365,0.0129646802629875,0.0498068026653607,0.0261596462399455,0.027914418890609,0.00385073967469484,0.0983112061821676,0.0698579501494056,0.0538803955564397
"302","Phenylalanine; PlaSMA ID-359","[M+H]+",5.589,0.0335866826637063,0.0186833540410974,0.0393495527222188,0.0352634838723586,0.0417556031757791,0.0402645081106503,0.0439147081686078,0.0335583255599665,0.0443530537439916,0.0444632574545094,0.040482262103556,0.0410966585011237,0.0503775946618378,0.0544569848406118,0.054136551447551,0.033216025814413,0.0249985317822961,0.0282158735241753,0.0280777524423415,0.0258668153994565,0.0319324543861423,0.0363348900437423,0.0310530759816737,0.0334907796529538,0.0314698070171493,0.027131914307531,0.026877839168099,0.0255916594124598
"303","Phenylalanine; PlaSMA ID-359","[M+H]+",19.539,0.0137596767445201,0.0102284805352485,0.0458204763462934,0.00891210573805456,0.0185378617546061,0.0184184158026035,0.0256158047993967,0.0261012822899469,0.0396589590525073,0.0362391681827167,0.0497632131446791,0.0130427561407525,0.0456876837938108,0.0543420766763422,0.0452182467130119,0.0438965455202135,0.0346499635662296,0.0334263619277242,0.0134214404198163,0.0250423703546126,0.0174332979151835,0.0235729382124641,0.0793457082169468,0.0908014790727141,0.0862264317708518,0.0807689986715031,0.00852034015790865,0.0115479164793415
"304","Phenylalanine; PlaSMA ID-359","[M+H]+",11.339,0.0476076263465181,0.0363682378290872,0.0642917637285447,0.0052150465765598,0.0606361243241097,0.0358630265175072,0.0184639370174448,0.0299365645418702,0.0513635942139278,0.045288682264166,0.022450801449566,0.0244638078142307,0.0423294306615643,0.0315003107655466,0.0651955314501235,0.0429655144079336,0.0301170248197899,0.0309640482603977,0.0239846400341738,0.0227454050666012,0.0163159543328888,0.0230115489321207,0.0176178450204219,0.0215171260889186,0.021190816501141,0.00468610650909838,0.0795010109160116,0.0844084736097363
"305","Phenylalanine; PlaSMA ID-359","[M+H]+",12.91,0.080794453595801,0.00739288717863543,0.0263542170987093,0.0128599649131126,0.0298478327326874,0.0300798099192992,0.0870446571123541,0.0318554459035639,0.0305644982674626,0.0331066491965044,0.0356992240711209,0.0955557257006981,0.036035783630106,0.0354993870803814,0.0360751055206397,0.019670644779137,0.0258245628929137,0.0294204965531837,0.0212140332071084,0.0108215802928756,0.0167610952493293,0.0918347291646913,0.00596847830856998,0.0336880285019663,0.00522999732012951,0.00533015238897045,0.0651795230182016,0.0602910364018473
"306","Phenylalanine; PlaSMA ID-359","[M+H]+",22.747,0.0130689244209754,0.0231458500130097,0.0195958741219407,0.0127963600838282,0.0105940164376684,0.0336288191108596,0.0478185755022945,0.050890287577142,0.0632381128688826,0.0713903014198901,0.0813033689616022,0.0069585412198831,0.0776157798684851,0.0807540436170587,0.0884152843857935,0.062210899529334,0.0444147940643799,0.0335633949007826,0.031513008299761,0.0252828007675271,0.0296447070780539,0.0038185236389666,0.0148823244266628,0.0107186324893182,0.0114298428227982,0.0107531767227864,0.018391053939239,0.0221627017110764
"307","Phenylalanine; PlaSMA ID-359","[M+H]+",7.141,0.00510690245704509,0.0114809731323825,0.00813159338308151,0.00670137762330098,0.0110496732787178,0.0696127303033598,0.0768080731947261,0.0526783854093639,0.0474439393325001,0.0568005710473262,0.0611525643385739,0.00502159212522356,0.0946432432438692,0.0731203639029544,0.0785973401474392,0.0169919477734334,0.0133043956518648,0.01153612332944,0.0655216395492643,0.0835857073189382,0.0633732304103431,0.00401684437736089,0.00875640284523068,0.013537776859242,0.00994657007217603,0.00966937146659669,0.0215443165294066,0.0198663508968388
"308","Phenylalanine; PlaSMA ID-359","[M+H]+",18.766,0.0143783977283973,0.0616440308446915,0.0687890110371918,0.0496475646406987,0.0594087648846784,0.00979768229890255,0.0117727866364791,0.0124449698740765,0.0167334656944105,0.0180954293960975,0.0191568756094649,0.0259498892618312,0.0186340431915835,0.0194850820420337,0.0239664100090823,0.0290789050391589,0.0222818524986609,0.0349870390208978,0.0169042435309998,0.0130105132588223,0.0189161490726977,0.0122180988145786,0.0725477742138717,0.0782836666747665,0.0766756389410973,0.0684223196133514,0.0640007165669865,0.062768679604491
"309","Phenylalanine; PlaSMA ID-359","[M+H]+",14.906,0.0349268610486495,0.00556279346299421,0.0151681975591308,0.0152686217915617,0.0099511048506923,0.0892702818990668,0.0149710562753638,0.0364903493817529,0.0256791326361003,0.0321956718452724,0.0215217309144193,0.0381944781329598,0.0207662000663353,0.03365757362844,0.0400362375116784,0.0224104388787326,0.016055143694805,0.0142238574085524,0.0138864916939996,0.0162641528520439,0.0191149017044603,0.00647331629163799,0.013277767664256,0.0135194318259246,0.012558427712801,0.0105060931069421,0.206181645560429,0.201868040600998
"310","Phenylalanine; PlaSMA ID-359","[M+H]+",4.055,0.000391659439692747,0.000661522871238641,0.000475530381271627,0.00042718032213938,0.000521843728372613,0.332233079409217,0.00181143815389953,0.276498439058211,0.0025187020729907,0.00246382532827625,0.00255885367160998,0.00045925615374154,0.00249365566610502,0.00281611739372739,0.343966984033643,0.000824814833680883,0.000679575546061186,0.0059885609339301,0.000860404870643365,0.000773316216085891,0.00148907660906552,0.000271179091139921,0.00174300347369389,0.0017821393526867,0.00149452450448041,0.00134436226708885,0.00636904147515633,0.00608191314215097
"311","Phenylalanine; PlaSMA ID-359","[M+H]+",3.449,0.00198360318857099,0.00126598485696254,0.00278345855724448,0.00254795614531642,0.00285756120970324,0.105822358322342,0.103656022586758,0.0880698506410282,0.109670159919376,0.10783378505659,0.106058282444446,0.00293042721814501,0.114654943568813,0.1161929681552,0.109559822683196,0.00209690340947538,0.00173771524711294,0.00109814120322347,0.00210790039776716,0.00189983259536151,0.00246298433859182,0.00211027937671683,0.00178298745100606,0.00183385402456452,0.00161215907623633,0.00140417208250498,0.00202867094845598,0.00193721529529128
"312","Phenylalanine; PlaSMA ID-359","[M+H]+",28.593,0.0123369037217902,0.0202692672438969,0.0188205713882075,0.0136510641269092,0.011922434619968,0.0306680849816758,0.049398603009673,0.0535246182302448,0.0645750557507414,0.0683999055812084,0.0726938287119157,0.00612686698797752,0.0788468214852534,0.0858101347541578,0.0937660826428153,0.0714056053010453,0.0451826941752162,0.0357962905567238,0.0313280115733018,0.0256611704346032,0.032052766128156,0.00299650704494364,0.00477759143610988,0.0117012295268021,0.010287561683502,0.0087223671895919,0.0164622799570614,0.0228156817565079
"313","Phenylalanine; PlaSMA ID-359","[M+H]+",9.619,0.00657079178401259,0.0120653103531296,0.0108864667726746,0.0771208385357469,0.00912913346920264,0.037216721583624,0.0426966967240192,0.0369451695940158,0.0459914342144309,0.0458234779091057,0.167630782377676,0.00736586521502998,0.0491752553148603,0.0609981810215954,0.052026915141403,0.0433426265236306,0.0336805827729657,0.0140252578344149,0.0282257051953215,0.0277689519492954,0.0309296211429819,0.00607686111095558,0.0275092698610886,0.0293242729685392,0.0329248703829163,0.0276284027983852,0.0170073046085452,0.0199132328404338
"314","Phenylalanine; PlaSMA ID-359","[M+H]+",13.919,0.00604920060803721,0.269024585814915,0.0124047992252273,0.0195179519656983,0.0243760552370698,0.025273471300465,0.0501370826465317,0.0294324642625936,0.0365442877275368,0.0831655916852398,0.0597181461772838,0.00364061981547928,0.0405094944723074,0.065347960356307,0.0419767487998691,0.0454052827048914,0.032015601086541,0.035581670699504,0.0121619627408944,0.0108472870893295,0.0239718003944802,0.00406231032207482,0.0139143688237567,0.014843244407976,0.0082142138147219,0.00920751495285425,0.0108783256729031,0.0117779571955113
"315","Phenylalanine; PlaSMA ID-359","[M+H]+",9.925,0.00387690425647422,0.0406430588568563,0.0193511323048972,0.0555615071423884,0.00824894250098765,0.075797337076581,0.0424115239802331,0.0240799301435852,0.0294158473733648,0.0610063460824282,0.0537145654562184,0.0397427646819374,0.0359254418187814,0.0742238263762432,0.0305384342753944,0.0896959831957361,0.0230404896584642,0.0132474411956292,0.0193036186968033,0.0602448626019125,0.0677901098684345,0.00291827046669285,0.0206910639982602,0.0236592980683786,0.0415008832496868,0.0188944359148488,0.0120864119010973,0.0123895688576845
"316","Phenylalanine; PlaSMA ID-359","[M+H]+",18.589,0.0267229373910604,0.0459043072277051,0.0740787445047481,0.0596291119095235,0.063970798024492,0.00847303682498407,0.0129493807655236,0.0129112662563748,0.0214380772698266,0.02247248180468,0.0178172226184874,0.0139270878927103,0.0236196289152889,0.0220718406792646,0.0257788976849918,0.0448106319035779,0.0373567787134807,0.0376544845746111,0.0192645303828197,0.0235047161605744,0.0138264532552999,0.0248530851103986,0.0641237897116512,0.0680028719413092,0.0713967827962633,0.0617467203585544,0.0405244098705289,0.0411699254512694
"317","Phenylalanine; PlaSMA ID-359","[M+H]+",4.669,0.0119736598422191,0.0232346894689185,0.0113894961501319,0.0150182643634244,0.016495534280448,0.0505946299389796,0.0500845857194331,0.042628806012517,0.0883503668281059,0.0864263002652359,0.0897581461843908,0.0124281642306052,0.087472199687188,0.0987782243275325,0.0495612947062044,0.013651235074017,0.0122439783368065,0.0244851071553264,0.020149064683219,0.0162653899051867,0.0359076509626437,0.027963048214788,0.0168335372780204,0.0193237496182214,0.0146235056454166,0.0145042809470449,0.0257888710948747,0.0240662190791003
"318","Phenylalanine; PlaSMA ID-359","[M+H]+",10.323,0.0279781155042562,0.0510413731622372,0.0519485949085228,0.016224527210463,0.0560263645639305,0.0211867499599215,0.029001248010022,0.0392267893065952,0.0438509455502861,0.0829980402122489,0.025496445817748,0.0361745947709862,0.0347552440982279,0.0403601273233501,0.0333299002974676,0.0359531979797733,0.0593904634642909,0.0187205995961434,0.0601615182018669,0.0175902973996864,0.019855001894727,0.0285233069563877,0.0419453053180741,0.0199681472661771,0.0190911092504402,0.0318153574664007,0.00993813722293331,0.0474484972868359
"319","Phenylalanine; PlaSMA ID-359","[M+H]+",17.2,0.0416893463345808,0.0512759482637171,0.0243568374996356,0.0172966403477733,0.00997675915032425,0.0112867399532389,0.0121231660734204,0.00883094631016518,0.0180089803638175,0.0180773008275958,0.0297694577660468,0.0042035288742857,0.0170469572717737,0.0141822155994012,0.0248228768338778,0.0289114408586961,0.021153008372069,0.0254439896819236,0.0160288176281574,0.0140394434731406,0.0114434608002396,0.00301264343824835,0.124409403024677,0.127285919717772,0.130970487460417,0.118219670380714,0.0407655725648178,0.0353684411294729
"320","Phenylalanine; PlaSMA ID-359","[M+H]+",15.783,0.0205312523333861,0.0112448288909071,0.0401840705151958,0.036307104438341,0.0225294677317864,0.0410005173782462,0.0268308020636734,0.0399588333734261,0.0510728647849063,0.0521823361264382,0.047911640926851,0.0178984256507282,0.0613560596346309,0.0534564172523514,0.0656647631660164,0.0514570860130176,0.0349193470173246,0.0350073124775844,0.036803723393819,0.0354624128516608,0.0373685481263589,0.0159872923385153,0.0134877854007278,0.0219716867451394,0.0211226945215279,0.0102478715101726,0.0546646405165005,0.0433702148207667
"321","Phenylalanine; PlaSMA ID-359","[M+H]+",11.54,0.0187608123867037,0.0279227653931255,0.0102955271611204,0.0743071279311888,0.00999935377149827,0.0243269704037471,0.0208955322763623,0.02401478216883,0.0343206564695507,0.0514648609070187,0.0217358054126743,0.0234509698115764,0.0617650124757758,0.0210465859875914,0.0401840179679697,0.0225052575398865,0.0290662464772733,0.0296565770940258,0.0158607959536587,0.00468842079582688,0.00962941876896728,0.0610660996231669,0.0925732959806216,0.100164403084059,0.0916352081487477,0.0160968718534604,0.0536435137697515,0.00892311038582087
"322","Phenylalanine; PlaSMA ID-359","[M+H]+",3.105,0.00200195157820409,0.0284559738675935,0.0102416759664378,0.00835239506641458,0.00905023879582437,0.0775219635794596,0.0759349761713968,0.0645170513264698,0.0803407384271967,0.0789954696695172,0.0776947939514502,0.00173068003791136,0.0839924295079616,0.0851191365145419,0.0802599089409903,0.0029126511887733,0.00747154885394279,0.00307049341617828,0.0135928554758124,0.0100384838096531,0.0424030828269373,0.00205062325756758,0.018897000031844,0.0184897320335006,0.0174442659403278,0.0162867257431477,0.0420537724499341,0.0410793815710113
"323","Phenylalanine; PlaSMA ID-359","[M+H]+",8.813,0.00568772400846349,0.0130135709472658,0.0105413565179089,0.01247222753885,0.0146883086918561,0.0413188805541645,0.176977488378434,0.0424470835310682,0.0821832549822629,0.0840870155714559,0.0695964111451667,0.0048242541353896,0.050059176251891,0.0505543480255792,0.0868778169023317,0.0372946725641906,0.0224405418940071,0.00865590989058817,0.0232462644499388,0.0228215168732286,0.0291218212756586,0.00474503346853591,0.0085841223063269,0.0101401404813281,0.0249007086991974,0.0220398240181645,0.0204245640438067,0.0202559628529403
"324","Phenylalanine; PlaSMA ID-359","[M+H]+",17.859,0.0103376648318277,0.0115702012436714,0.0164188338999564,0.0171252069223994,0.00554358245627979,0.027764589325741,0.0379628361684483,0.0214647504896403,0.0338112661201391,0.0742649701154441,0.0233609819837856,0.0017291712593879,0.0215879885093239,0.0233474225211053,0.0223857004468499,0.0365682735504747,0.0268389841612979,0.0300708383509594,0.00704993253386241,0.0189325520770847,0.015467734446234,0.0784082763898387,0.106016451533606,0.112054177208055,0.110122828580148,0.0999685250191457,0.00437565657167794,0.00545060328361447
"325","Phenylalanine; PlaSMA ID-359","[M+H]+",14.638,0.0165921183915352,0.0491573555557166,0.0283253944051315,0.0276961019732523,0.0196493607863118,0.09839766518384,0.0455958807146979,0.0444016836272685,0.0355158243230064,0.0385688665115852,0.0553691835856126,0.0116459601885994,0.0573742050936685,0.0633363054792428,0.0679209459344381,0.0377108243883173,0.0332435820041565,0.0348269212723966,0.0260432054441319,0.0226705783356226,0.0263426432211464,0.0733481200592478,0.0147232804921239,0.0165064526475446,0.0135655005771129,0.017128637038166,0.0107681401713121,0.0135752625948145
"326","Pyridoxamine","[M+H]+",2.165,0.00823833359424831,0.00739629367862918,0.00383249746850012,0.00455784961996413,0.00396784533800584,0.108211846039609,0.0937643109309293,0.0516698672047818,0.0734969451938297,0.0762494349444705,0.056313571763628,0.0101841659416978,0.0566216161045241,0.068566660028808,0.0644568800667261,0.0463345889050321,0.0619499740532974,0.0315298288278512,0.0188070865075386,0.0204098681848455,0.024278777346175,0.00350585690241627,0.0353133302114388,0.00406994713164157,0.00259524518086632,0.037947201597447,0.0122349250055405,0.0134952522275581
"327","N-Acetylleucine","[M+H]+",5.538,0.000543599839345856,0.00170326259471194,0.0135507336264216,0.0174099801846674,0.00966924569763159,0.0417701351358017,0.393634563541567,0.0119780958685582,0.090248198483558,0.173643680890127,0.0597462215829614,0.000448561195367876,0.014373076611219,0.0104100101010394,0.0073320348982546,0.0596668556146001,0.0374424369129863,0.0129939503011159,0.00678112882630513,0.00553085265301752,0.0117660883587652,0.000374772855681808,0.00367972527827873,0.00394793546379388,0.00281478949268794,0.00445011795301765,0.00180551527908403,0.00228443075943286
"328","Gly-Val","[M+H]+",2.007,0.00686398790895505,0.0781389508938006,0.0147331078202658,0.0146526530659514,0.0149446894826496,0.0331475657661308,0.0406940112900054,0.0274717904535289,0.0337707005043539,0.0334552102516379,0.0384434531489314,0.00797097034330518,0.0293867522687837,0.0293940850575804,0.0339191066211184,0.0112968445542153,0.00983924015678304,0.00990582865378474,0.00760249161388588,0.00639694482510634,0.0163164431046331,0.00713405946735384,0.0785053703987156,0.0790078973325055,0.0713973008729432,0.0639211504501779,0.0953665894183524,0.106322804274545
"329","Arginine","[M+H]+",1.726,0.00446394824151146,0.0550044641474917,0.0274131992776836,0.0264944404011926,0.0235471764631136,0.0483214854779034,0.0609182787646858,0.0463188000998626,0.0499499799554226,0.0413162143671722,0.0470502879082134,0.00531444081667151,0.027370384213802,0.0436663543838269,0.0225018885788058,0.0110923893910481,0.0160551027296568,0.0124261782805257,0.030636337284759,0.0264285767739701,0.0126516334255145,0.00404988635270315,0.0582630286579615,0.0572862455063419,0.0505678717720482,0.0478763367323633,0.0729555329548103,0.0700595370409381
"330","Indoleacetic acid; LC-ESI-QTOF; MS2; CE","[M+H]+",18.653,0,0.00586780475238576,0.0620289457739861,0.0320122587432414,0.0731599292510193,0.0627728102859462,0.058844270210448,0.0398594446867026,0.0583965123458123,0.029950305892918,0.243695950642656,0,0.0190753125490213,0.00895929487041107,0.0467011992499111,0.0378215977238286,0.0296013102089513,0.0372513315804395,0.00325141649072967,0.00938726431997651,0.00713984005203993,0.00159890393767873,0.0216823462871896,0.0272612401795493,0.0102959123610673,0.011045893292231,0.0201093471837847,0.0422295571280749
"331","Citrulline","[M+H]+",1.795,0.00149503203059704,0.000718586649174583,0.00460350571300003,0.00668801239959237,0.00194571761574461,0.0683111162658882,0.0802387806298653,0.0317350058556783,0.0328540375649568,0.0491633780144885,0.0156470273845485,0.00145663290937353,0.19012887978086,0.0136328635063814,0.0406076542889506,0.135997485984997,0.0908108734168994,0.124377097409411,0.0261044119897922,0.0143560565262406,0.0627656168579479,0.00147864830247853,0.00107505668759439,0.000724918407416246,0.000765143954892236,0.000520281369776094,0.000879558406704846,0.000918620076750296
"332","Phenanthridine; ESI-ITFT; direct injection; MS2; CE","[M+H]+",11.55,0,0.00791565458807784,0.0263913830552455,0.0763674619998461,0.0300813227646563,0.00753773544283335,0.0506130619727397,0.00645347897382467,0.149197854922814,0.0819080849108347,0.00165051752775407,0.00155764806700931,0.236617576884443,0.0336455688428739,0.0794042713069455,0.0274547714696546,0.012950899982282,0.010786975369166,0.0250093266527323,0.0272973125122208,0.0381631276563754,0.00788534517262337,0.00474437206656036,0.00610476628131796,0.00603722084454826,0.00840969364813478,0.0203743243691583,0.0154402427153283
"333","Tyrosine; LC-ESI-QTOF; MS2; CE","[M+H]+",11.095,0.0182173367176772,0.0686798885454833,0.00759475099995551,0.0281933730533752,0.0142093538873648,0.0318205864423524,0.0395814345268278,0.0250960381729054,0.0479144825052128,0.0400685815589894,0.0385480463575005,0.0195100253907808,0.0512112446116613,0.0430748352408372,0.0617751463153226,0.0593199728437777,0.037154844394067,0.0346292583074686,0.0384772236515031,0.0332484000814441,0.0563110125617007,0.0197773636770558,0.0460419662466447,0.0377776905195381,0.0306288621596168,0.0292110137304599,0.0192576554239551,0.0226696120765221
"334","Tyrosine; LC-ESI-QTOF; MS2; CE","[M+H]+",3.252,0.0259136625467769,0.0230148537679638,0.0108580582345138,0.00979981624673923,0.0109770525089991,0.154842780484443,0.164361672069157,0.0840309182422689,0.0604519086065385,0.0516416372385596,0.0355454021018957,0.0290981494967288,0.0365643905184453,0.0431851586359067,0.0540598061133194,0.0103492963689858,0.00605874343427517,0.00934914998912384,0.00726525459393028,0.00604875938545269,0.0333075776675753,0.0279517710671956,0.0165817911433575,0.0112277475405626,0.00982366777656412,0.0140932474900068,0.0251865469803798,0.0284111797503344
"335","Tyrosine; LC-ESI-QTOF; MS2; CE","[M+H]+",9.975,0.0196137289258702,0.0299990045751873,0.00761186697051801,0.0124141856352778,0.00699469612746182,0.052772862295378,0.0696202314480171,0.0256894752716374,0.0238005177626266,0.0362626471445051,0.0437051725503086,0.0290290527915661,0.0436379282289386,0.0527649182906904,0.0382088537013822,0.0381814412908403,0.0270950046643988,0.0201939023386441,0.0314629391855113,0.0272751433622452,0.0538228881544186,0.0263106367649357,0.0665895377159897,0.0607657617724275,0.0471188195223953,0.0357961513199374,0.0335504222201196,0.0397122099687711
"336","Tyrosine; LC-ESI-QTOF; MS2; CE","[M+H]+",12.335,0.0205105755074505,0.0124796619603608,0.0326730168607345,0.0128548497932939,0.0290437426855218,0.0291779562192539,0.045375726872363,0.0329468616386853,0.0477491848622067,0.0393117609207158,0.0366802104876131,0.0246776143571695,0.0446253967334757,0.0269267381676975,0.0588683299675238,0.00951480851489265,0.0133526873073241,0.0554679654421093,0.0097974399997669,0.00896643605430786,0.0329333856529375,0.0212889047383478,0.0250558980246663,0.0252680992732164,0.0143237322398117,0.0142559425682625,0.139656682418091,0.1362163907322
"337","Tyrosine; LC-ESI-QTOF; MS2; CE","[M+H]+",5.357,0.00194413172504482,0.0120379770947144,0.00695026245225414,0.00455276178790497,0.0058244915557617,0.0433647325330912,0.0428187529693031,0.0251801570604969,0.0259447671211101,0.0282363621271895,0.035793226182417,0.00225364674134389,0.318642036867178,0.0588444233188765,0.0558094334797392,0.0211023819605102,0.0237183805265123,0.0194013942647549,0.0253226495152159,0.0285062785424131,0.113387248519286,0.00221819647494219,0.0225733928011315,0.0123221759042029,0.0165647762743443,0.0145905572840599,0.0157536916058675,0.0163417133103334
"338","Tyrosine; LC-ESI-QTOF; MS2; CE","[M+H]+",14.132,0.0113644252519286,0.0875345701075968,0.0081611589505308,0.0191658292276567,0.00792013896822411,0.0231462673692019,0.0194683240605845,0.0176958673765415,0.0131410016859419,0.0324178377226396,0.0158682761662998,0.011496549431828,0.0293492667926122,0.0249242170532054,0.0353316112388883,0.0444028624022794,0.0378290270453697,0.0372277480762959,0.0436959308382219,0.0510839281307572,0.035839129373531,0.0139742138129198,0.0622455871780291,0.0591693318916741,0.0498491718630544,0.0489016878060485,0.0794256750064236,0.0793703651717156
"339","Tyrosine; LC-ESI-QTOF; MS2; CE","[M+H]+",2.735,0.00340450530916521,0.044175729156995,0.0154279505121278,0.0135730970198942,0.0148421583754265,0.0773078206675964,0.0846488227108558,0.0667746499803846,0.0525270317853576,0.0480396522708225,0.0501238114500317,0.00313677729727029,0.0517534730948153,0.0507912199053506,0.0626573195238049,0.00887734362433187,0.0187066972249855,0.010009571964928,0.0198431349177621,0.0155251897564213,0.0649752221419972,0.00362428785592294,0.02707036647703,0.0274035723777945,0.0255988979499964,0.0258871745846592,0.0572306330744741,0.0560638889897985
"340","Tyrosine; LC-ESI-QTOF; MS2; CE","[M+H]+",6.762,0.0302894596844715,0.0211051257891223,0.0450407732718906,0.0471029505605963,0.0483910176172106,0.067890447500427,0.0502504768067039,0.0467965278394023,0.0492481236535813,0.0541108073362012,0.0312878173378824,0.0360868762550038,0.0389416964731242,0.0301091805970329,0.0542405897286226,0.0201491489719392,0.0162993423032896,0.0291674199105204,0.0100830047228055,0.0121127364134058,0.0347534852485348,0.0329242955367682,0.0384394764290043,0.0363943335252303,0.0338942744399946,0.0295475988429104,0.0247765976090323,0.0305664155952916
"341","Tyrosine; LC-ESI-QTOF; MS2; CE","[M+H]+",6.185,0.00573530460939475,0.023087141470721,0.0390290752798987,0.0344964907464293,0.0379972569999149,0.03949690712917,0.0966969084064692,0.0283794879525893,0.0289384954373107,0.0264899464366251,0.0512199510105328,0.011443424593842,0.0419405402084973,0.0490319668500515,0.0545034713547582,0.0546022519625661,0.0396650358412683,0.0186247663781903,0.0362095632905547,0.033973638392724,0.0607979935309836,0.00657466666901959,0.0255520768759345,0.0423924688420921,0.0249050239791921,0.021967634918302,0.024066061075575,0.042182449757393
"342","Tyrosine; LC-ESI-QTOF; MS2; CE","[M+H]+",17.184,0.00905797131559451,0.0420183479193745,0.0371038714968844,0.0335295980351801,0.0361654601670984,0.0466318545869981,0.0166202436166339,0.0248469164578233,0.0176757984648814,0.0222686288361137,0.0140273629175677,0.00985287851110189,0.23904919186762,0.0156198698809421,0.0587152550545816,0.025384699613802,0.0240036426847446,0.0181547439285568,0.0182974835052519,0.0153711892164671,0.0176459142358528,0.0101858599595775,0.0570005186027331,0.0197053664330035,0.0525675804913758,0.0494005502886587,0.0314814812352472,0.037617720676333
"343","Tyrosine; LC-ESI-QTOF; MS2; CE","[M+H]+",16.474,0.00343051179872197,0.03517048734753,0.0124328752879347,0.00965281918179351,0.0128850002486702,0.0133331086835281,0.0245485483980146,0.011608926350737,0.0138613409029883,0.0111942200538758,0.0113148634965961,0.0290567442962675,0.0145108662972959,0.060965975064226,0.0204841786092354,0.0237259284583499,0.0234058763191187,0.00511314080864715,0.0132287085439893,0.0118244602173153,0.0792299156281486,0.00237301369505378,0.141582227085631,0.147399278820965,0.134844416326138,0.11846056427227,0.0059783182026472,0.00838368560431054
"344","Tyrosine; LC-ESI-QTOF; MS2; CE","[M+H]+",17.932,0.0202954518066921,0.00323861307451231,0.146473315729906,0.140636363694225,0.18193985182061,0.0154949606192967,0.01792975255063,0.0118513651071948,0.0124126281750453,0.0111597311623099,0.0127422150871247,0.0259732148843019,0.0145431506740814,0.0164812815425389,0.0208723791811676,0.0189073042909309,0.00404131155011715,0.0268426723010081,0.00504121056307489,0.00372247395906263,0.0173207540111233,0.0276547764325097,0.0622522440622024,0.064409781302235,0.0548311108404922,0.0478538467859672,0.00689635243006789,0.00818188636157265
"345","Phosphocholine","[M]+",1.709,0.0160863993143666,0.00632598575749205,0.021458900062919,0.0209469318438377,0.0437998487771454,0.0346277191782604,0.0294234223147202,0.0789753590610559,0.075564150712486,0.0360812363980069,0.0561948100466124,0.0163167246202236,0.107390590281485,0.0877571307269861,0.107909908984806,0.0453250793234184,0.0159140469757457,0.0280208092756013,0.0215596059528684,0.0248290960735892,0.0468488790889158,0.014802328286453,0.00843079398100062,0.00620513950019339,0.00742272988708027,0.00770828211491686,0.0211161834819108,0.0129579079779036
"346","Ala-Val","[M+H]+",2.071,0.0681883252277812,0.0549304481164932,0.0467352912396395,0.033466594691907,0.022736763404181,0.0273427658305239,0.0225444047582913,0.0167357200248233,0.0183156622552891,0.0247871446517047,0.0182311166098973,0.0896257270329259,0.0318767793725708,0.0402678734019005,0.0202572808313076,0.0544121450159842,0.0445163865929626,0.0512161917510891,0.0272532516526534,0.0297480747772696,0.0325736181298643,0.0715686791780172,0.0107540522604163,0.00894285143052847,0.00986964890947432,0.00853238210197426,0.0570931373077775,0.0574776834427525
"347","Gly-Ile","[M+H]+",2.38,0.0357476386323861,0.0349150698550812,0.0357029458955536,0.0322488314200678,0.0367702367723226,0.0190269674760658,0.0205224405312575,0.0174625734507508,0.0312603119675651,0.0279342918205631,0.0290826151471165,0.0415209094340538,0.023261623409078,0.0242820157118064,0.0229307589408791,0.0329064266955172,0.0260595829675065,0.0304079162718051,0.0284317795920771,0.0267004720068389,0.017818732247245,0.0331527957887272,0.0745993420825228,0.0751176923538232,0.0709407929652804,0.0663020551934068,0.0407210074275478,0.0441721739431546
"348","5-Hydroxy-3-indoleacetic acid","[M+H]+",9.478,0.000192141750767763,0.0106354734551068,0.296432672916613,0.243065161560346,0.308770380497673,0.00269263995018493,0.0023696995358097,0.000588654890807843,0.000361017954181245,0.00135293421185339,0.000362479663962666,0.0265574883148484,0.00199209117560933,0.00111389593893171,0.00042465105333243,0.00280675076045451,0.00195652290426142,0.00034376977876048,0.000526093712163033,0.00117431327656377,0.000716700667660304,0.00323815004061117,0.0175898013585131,0.0180961376267972,0.0187983430057918,0.0192442619364439,0.000475810895682158,0.018121961166269
"349","N-Acetylmethionine","[M+H]+",3.984,0.00136232461966671,0.00140948209067294,0.00340619095308911,0.00437337160880768,0.000598031081604702,0.100612775623026,0.145503012327912,0.0635039671727196,0.0690120628170372,0.100476774980337,0.0529250580488001,2.72405054690553e-05,0.0771272829847853,0.105383115119225,0.0893526102084856,0.0215984349901473,0.0132036115354943,0.00351887043725014,0.0052002354671242,0.004562377415985,0.0277848073860267,2.56950436203126e-05,0.027438442931872,0.0286596780232123,0.0270800489368406,0.0248342283321028,0.000472389210225834,0.000547880148459014
"350","Ala-Leu","[M+H]+",6.623,0.128343889615609,0.0364924159057741,0.0422297234913877,0.0397289946320286,0.0473627082736063,0.00898838172329892,0.00778477455797041,0.00822918619832129,0.0120222093444465,0.012112822152935,0.0113280123522536,0.131002155503292,0.0168604584907868,0.0140429145426514,0.0145853515676728,0.0323711026863915,0.0266987408750132,0.0292105490297333,0.0301359076058519,0.0449035003925764,0.0173640124649459,0.109011257830292,0.0223452900385422,0.0250942214932632,0.0249584209872665,0.022207379190572,0.0456146592583815,0.0389709597951364
"351","Ala-Leu","[M+H]+",3.747,0.0279441947534492,0.0353101774814577,0.0516704047614473,0.0710681633582643,0.0555887062812516,0.0120983428885098,0.00772014818133482,0.00993465405535421,0.0165897970305235,0.0161449156223921,0.0111677777671895,0.0279967566297267,0.025225627609813,0.0194094200855727,0.0217703372672902,0.0473044652000475,0.0453350932149411,0.0522550794920687,0.059978061740392,0.0382137384768204,0.0280876945606346,0.0391319245587267,0.0287000491950666,0.0362312337659971,0.0391724584275669,0.0293255159062758,0.0756286469060511,0.0709966147818347
"352","Ala-Leu","[M+H]+",5.229,0.0280741954850747,0.0329920402735442,0.0726009243166199,0.0701270467297663,0.0863253023272265,0.0145520847628738,0.00836063501868204,0.00995443448303801,0.0155838125987595,0.0163273089847459,0.0129311719628801,0.0238825685342567,0.0277925731926977,0.0173014266216143,0.0209030114479631,0.0538270146178323,0.0392358219134761,0.0471552843891158,0.0539707468763046,0.0529990653794103,0.0315276043531836,0.020293773442772,0.0309130880447153,0.0434716602934538,0.0346520440973817,0.0298053887326,0.0551824558312033,0.0492575152888085
"353","Ala-Leu","[M+H]+",4.578,0.0395524647604054,0.0308750922622366,0.057908123508539,0.0566102416105667,0.0689487487541026,0.0110073596198909,0.00801745911767813,0.00799367759946759,0.0139734944371276,0.0137502774972261,0.009619972447322,0.0377712258797891,0.0269936381588805,0.01871290401803,0.0205163252601729,0.0630548905465124,0.0410005882204947,0.0470302322471085,0.0628182153572906,0.062290066154262,0.0313302027545426,0.0338453753869108,0.0281958239875688,0.0426423679716846,0.0344057927218389,0.0280204550823091,0.0520667366400632,0.0510482479979785
"354","Ala-Leu","[M+H]+",2.403,0.046137218858586,0.0505099483214835,0.0485033880649951,0.0471246751809457,0.0522503938918434,0.00584247539493377,0.00535095965146769,0.00715071621435983,0.0128925820497492,0.0126166093960026,0.0104960510283507,0.0546036663941902,0.0216297490245024,0.0192085853642789,0.019622923960306,0.0591075596560834,0.0453031322706063,0.0513420023269249,0.0555787356004299,0.0515245454146852,0.0325698557728972,0.0497352459952711,0.027580871960227,0.0277290426283643,0.0250728306025381,0.0223011079379861,0.0676604754385793,0.0705546515994121
"355","Spermine","[M+H]+",1.51,NA,NA,NA,NA,NA,NA,NA,NA,NA,NA,NA,NA,NA,NA,NA,NA,NA,NA,NA,NA,NA,NA,NA,NA,NA,NA,NA,NA
"356","TRYPTOPHAN","[M+H]+",8.788,0.0020084941049762,0.0267293030187879,0.0111954040873683,0.00174259938904899,0.00198292513370144,0.006263463345688,0.0284999691383349,0.005376596860859,0.0272383585326679,0.00860972255080741,0.0305944435154411,0.00271000635034109,0.010131183324799,0.0160920998268032,0.0434200047363815,0.0121186626714802,0.0127746238717847,0.00102373210041997,0.00731116709961655,0.00664868587107206,0.00970738743270797,0.00296267676104135,0.175761035734718,0.186923722296604,0.1532759843259,0.199937918573406,0.00442479755148868,0.00453503179375576
"357","TRYPTOPHAN","[M+H]+",6.321,0.00177110747906125,0.0371375554569849,4.26490354443098e-05,0.0227028858892158,0.0223801177111877,0.0755334291992825,0.0853315337886109,0.0735088333644359,5.1964457248068e-05,6.70935620316177e-05,0.111155352009767,0.000134112123970403,0.108329720760483,0.0967887433000896,3.79276820353711e-05,0.00310575469474133,0.0062831566929746,0.00326325528995588,0.0226933591262565,0.0180960961977965,0.0462213233382544,0.000138968567606591,0.039945931381375,0.0406496930263112,0.0378198499639424,0.0319393627653727,0.058914326640855,0.05595589649471
"358","Tryptophan","[M+H]+",14.798,0.00337000287605931,0.0289927083711489,0.0117428493273954,0.0120814516948363,0.00890605028942574,0.022942714678174,0.0345798220792542,0.020048562113555,0.0251950805810064,0.0316156716660329,0.0479473852764718,0.00346459078724457,0.0525715046303018,0.0916108835896424,0.0372376445821747,0.0547011996527492,0.0376225628913554,0.00391210198299993,0.136506539640986,0.0266400261902795,0.0488252225674275,0.00361017513503635,0.0602533144365533,0.0561256768292474,0.066214518443327,0.0361720984896276,0.0152704055779204,0.0218392356197675
"359","TRYPTOPHAN","[M+H]+",6.943,0.00053976586511477,0.000784404069013907,0.0520656853044908,0.000736997793280192,0.000731870387402147,0.00137932022746934,0.001497724310516,0.00142600685104134,0.204787354648434,0.230157557949063,0.00268603118713042,0.00375306556017717,0.250672116218923,0.00255511562245378,0.22817896556047,0.00114509289889032,0.000932138840164962,0.000574274436629787,0.00130662656030042,0.00114008867671563,0.0014821647268729,0.0045074666405553,0.00132969988675162,0.00130770233376995,0.00118230363923648,0.000984757731556487,0.00102707457533575,0.00112862749824058
"360","TRYPTOPHAN","[M+H]+",15.073,0.0249491663915437,0.0242024854013745,0.0115216240981525,0.00700840935566477,0.0104599629025848,0.0312898251244041,0.0376320804260102,0.0224604578388959,0.0351895583263626,0.0530323544656313,0.0552949204595153,0.00366422505689202,0.0805772137708616,0.0350608064610856,0.0846088349552761,0.0202813695822863,0.0179012277043451,0.0508910136557946,0.0150263205761789,0.113776321288933,0.0439952621822472,0.00305479195853939,0.0290460758335942,0.0524059863345119,0.0598108151566833,0.0479373614762787,0.011302438017495,0.0176190911988578
"361","TRYPTOPHAN","[M+H]+",17.49,0.0116334080064212,0.0152951514870895,0.0416117699861414,0.042635806747652,0.0487796464518658,0.0290186913777585,0.0170575219637958,0.0226837119284096,0.0514235014178782,0.0366823450588744,0.0517830922449768,0.00146594880534395,0.0573398559884713,0.0582888623746499,0.0381223950544591,0.0465511518087571,0.0308931449387169,0.0292047166520587,0.0285360812043034,0.0225627601340927,0.0300010506428917,0.0126995575384226,0.0516432604359825,0.0432426876805401,0.0381701663884268,0.0281263250356122,0.0636302742504403,0.0509171143959677
"362","TRYPTOPHAN","[M+H]+",15.389,0.0189660434219373,0.0227087547478809,0.0310309259644252,0.0285562948065127,0.0339291191589024,0.0271978270693252,0.03387637296932,0.0254003546783119,0.0298924672650295,0.0396905183681246,0.035602085448248,0.0188324165244498,0.0644143898940424,0.0830289207405739,0.039929589386598,0.0431855687197433,0.0311175493956242,0.0120283993592086,0.0387093330738974,0.0384396181117964,0.0318318187021291,0.0199634917224676,0.0585054654317978,0.052007549895579,0.0508832308426129,0.0373967588648827,0.0270672886952899,0.0258078467412893
"363","TRYPTOPHAN","[M+H]+",11.332,0.0136604139411883,0.00813015212238761,0.0255009810038412,0.0217404101514309,0.0256064565970628,0.149784322842426,0.0226539033266122,0.0407615795834455,0.038394597709846,0.0477253934623542,0.0464207111138452,0.0182798318227812,0.0593941641777675,0.0596750732076502,0.0576190849307527,0.0535923330154996,0.0372062124181458,0.010046628833453,0.0342050299150605,0.0284586082385464,0.0378695995676803,0.0172183405397845,0.0399416628817737,0.0377112739220015,0.0137724901781747,0.0233849583003208,0.015743388523546,0.015502397672622
"364","TRYPTOPHAN","[M+H]+",18.061,0.0162610013461045,0.00994881294801433,0.016369184485434,0.0141238444103502,0.0316355728675727,0.0217107351706418,0.0294308750971009,0.0274327920700428,0.0501531492790321,0.055614467142082,0.0459567167963934,0.0136830619279645,0.0620226001755364,0.0308018493273928,0.0779155737820791,0.0496656379633245,0.0344160693433198,0.042942968833308,0.0362953014441696,0.0282775760763731,0.0360843672287681,0.0185484889963414,0.0266010973727662,0.0603979551357824,0.0597401519092852,0.0637731643683876,0.021077605291711,0.0191193792107216
"365","N-Acetylphenylalanine","[M+H]+",9.521,0.000900119084445253,0.000725225371972584,0.0149960688094887,0.0151084242650038,0.0130692702810767,0.180127911159196,0.339073784572894,0.0665143713114558,0.0716778539177675,0.109775139704064,0.0457522535363292,0.000383890865256382,0.0193900357533432,0.0115554810038919,0.0161150217760178,0.024591981638461,0.0138745983071556,0.0109321991595565,0.00582645315251002,0.00440039416274478,0.0142770872597583,8.74218476025206e-05,0.00439760986818016,0.00511680815940356,0.000177069463614489,0.00490236746065967,0.00339031211541931,0.00286084599273156
"366","Kynurenine","[M+H]+",3.748,0.00347689342552797,0.114727883612007,0.0183612941810842,0.0153878379140098,0.0132211130709585,0.0241925165770001,0.0217515148201997,0.0199551135080334,0.0257814315627964,0.0239021403460268,0.0192748879292655,0.00279707327229543,0.0317664802537493,0.0264551441765134,0.0370211613819884,0.00501378316037575,0.00501131137243475,0.00455918343112154,0.00478244211863876,0.00216583879208301,0.0173608739771343,0.00332870385325584,0.109364757692198,0.123113980027169,0.10743944413805,0.0982827384062356,0.0584859586097148,0.0630184983901337
"367","Cyclo(Leu-Pro)","[M+H]+",15.551,0.000321004962471954,0.142720192938107,0.000302704915238419,0.0110868163809219,0.000254179672170854,0.0333951520954914,0.0570077936096647,0.0189310580701833,0.0314465822256208,0.000321911555363983,0.0683781603297107,0.000354646010176326,0.000138978992608561,0.017366739165493,0.00865400253763749,0.00170958134436426,0.00261752201518964,0.000889479225156881,0.00141924231090007,0.00146211317597762,0.00479004387137918,0.000366866339084239,0.0865028627642207,0.10205015375056,0.0994466240515838,0.0831385531332174,0.0711824547416701,0.153744579815836
"368","Cyclo(Leu-Pro)","[M+H]+",16.599,0.00182200525676717,0.00132160419926108,0.0233725979819932,0.00111231431839726,0.0216256455323311,0.103502811738055,0.00044586917253144,0.0741126258192997,0.131449048128477,0.105226811985699,0.000394350468592346,0.00212829939741883,0.000178341297694528,0.000183422518088304,0.0300028916358913,7.21216238018086e-05,6.88115544252427e-05,0.00187662479449012,5.88821002976808e-05,5.06088118616057e-05,8.40868836962789e-05,0.00255360297319329,0.000874238897991496,0.000726495572473068,0.000707485293621891,0.000812588290351354,0.23917836096961,0.256057452783689
"369","Cyclo(Leu-Pro)","[M+H]+",13.24,0.000326462917795757,0.0189111454191664,0.000284118287460424,0.000136758289669845,0.000233050842625539,0.000191898938470589,0.0143165267674709,0.000225498465203476,0.000291286566621009,0.000405439429559862,0.0643215330036509,0.000289263441770061,0.000370162518246482,0.000578990678303223,0.000321815380666984,0.000433469272325688,0.000270957868080275,7.92845419825724e-05,7.76595108763151e-05,0.00016485914655419,0.000233257146415106,0.000318162559548708,0.223040436024822,0.243364559597599,0.229433882730001,0.200698787349435,0.0003351924708613,0.000345540834818341
"370","Cyclo(Leu-Pro)","[M+H]+",6.554,0.0272323169142213,0.0357090121695774,0.0785129576038923,0.0484482850359683,0.0507614471119534,0.0449855936662895,0.0533093586690239,0.0457819659071194,0.0486038270457377,0.0452763534665698,0.0598655576639295,0.0248548106394154,0.0245461959175434,0.0222124721898318,0.0236225598738797,0.020737945333976,0.0204761522947884,0.0143287882664863,0.00475893018533337,0.0042147112254913,0.00817698425103317,0.0261493636845473,0.05358057777719,0.0550578351064276,0.0470277503233296,0.0110789551043458,0.046124011120482,0.0545652814516165
"371","Cyclo(Leu-Pro)","[M+H]+",14.471,2.09514542636885e-05,0.0784469937943587,0.00826610405201646,0.0056050423001618,0.000598709819448091,0.00949091259854237,0.0177086374032895,0.00418758323516042,0.00132699388687018,0.000955866363320686,0.000306478112876891,1.31971881777497e-05,0.00841956250853948,0.000165840838061336,0.000206217598638603,8.20273263738995e-05,0.00214804994208048,0.000124492904916195,0.000710372680088822,7.74201650551638e-05,9.35357487840405e-05,1.06200358456827e-05,0.182493162885351,0.209662838888005,0.202180355472667,0.172160958515579,0.0104325116701258,0.0841045626114016
"372","Cyclo(Leu-Pro)","[M+H]+",14.055,1.42172731938582e-05,0.0864120247921274,0.00252642714000283,0.00118205729769998,6.09682529205282e-05,0.000114776332707207,0.0408622977177001,0.000114179992162523,0.000136485550221196,0.000166489652814083,0.000334402803806529,2.1408474198687e-05,0.000276378868808777,0.00891620699496368,0.000109211294852654,0.00193249254184125,5.5682919971197e-05,4.82362309360568e-05,3.94125098512885e-05,0.000685602280695877,0.00265582002162899,2.30095123412421e-05,0.201022508231506,0.230950853780031,0.222708637376955,0.189641224824729,0.000151253000541939,0.00883773433079105
"373","Pantothenic acid","[M+H]+",3.346,0.00374873932736401,0.00223855664145239,0.00992576781684538,0.0100284982735276,0.00859998597944493,0.0786393466495862,0.0565521796065292,0.0962273983277987,0.0343961368998787,0.0824443777217588,0.0438636977279859,0.00327908157082873,0.0776243902965064,0.0891300440405275,0.0925923800579997,0.0785459078703884,0.0457260984341649,0.0446465805826986,0.0297267983247522,0.0237883113691141,0.0319383267854285,0.00317070061779552,0.0128582067754392,0.0133017755574921,0.0107073079157453,0.00974145209519794,0.00377874734991239,0.00277920538383661
"374","(2R)-5-methoxy-2-methyl-2,3,8,9-tetrahydrofuro[2,3-h]chromen-4-one","[M+H]+",22.476,1.32028736846747e-06,0,0.0249171433657564,0.0156737234799578,0.027409909931356,0.00665131169789892,0.0106344506519911,0.00942868420969034,0.31902042070869,0.202834652179055,0.151297930902449,7.46162406724798e-05,0.0214862526117985,0.0318263912050041,0.059585041041693,0.00920844427314672,0.010053684244698,0.00395930176578513,0.0168288228942759,0.012779333498612,0.0326920836281542,0.000617294357820746,0,0,3.78722431209487e-05,0.000834333597713544,0.0253033714306121,0.0068436095526808
"375","Gly-Tyr","[M+H]+",2.823,0.025398031829914,0.0320551195400526,0.0487599388275015,0.0415637964694637,0.0428244643893462,0.0118174366499215,0.01332156164421,0.0121043208570326,0.0279090150668788,0.0298361091280553,0.0290780016679639,0.0288657629074282,0.0302854010919856,0.0366045177846117,0.0279639688701722,0.0986804941930719,0.0844823348980363,0.0959255248081155,0.0616183054645432,0.0590858694826143,0.0248738863567624,0.0285675482030807,0.00634032422090032,0.0064350343373587,0.00640641383423989,0.00586134914819487,0.039653843797994,0.0436816245305503
"376","Cordycepin","[M+H]+",13.169,0.00662653345916203,0.0434272293600251,0.0200691048330796,0.0112964309994197,0.0121883650764613,0.0253909577037885,0.0589879140409699,0.0396498454732678,0.0446097130707305,0.055324377153471,0.0433418838854363,0.00585167382675613,0.169851367333088,0.0338654678601131,0.0606417752404198,0.0729370238754533,0.045109523898679,0.0153709785100152,0.0171078896067082,0.0034420221968124,0.0355169198397744,0.00386842000667252,0,5.98639978382935e-05,0,0.000698875454047726,0.0990484093225782,0.0757174339752323
"377","sn-Glycero-3-phosphocholine; LC-ESI-QTOF; MS2; CE","[M]+",1.734,0.00498753883975185,0.00364537551658102,0.0122695968082948,0.0129358972863189,0.0166832836367647,0.0819497205972373,0.068232262152101,0.0761617907646393,0.038222662753428,0.0590725954063887,0.0468230804913567,0.00536812787549918,0.13465502890709,0.136778691578784,0.134336055174612,0.00981808933060796,0.0114699039768668,0.0171149361689535,0.0157163237192962,0.0177738733250387,0.0639188851770064,0.00572655007345411,0.0051624541727993,0.00488119346750582,0.00513614202756311,0.00562254704018823,0.00264304119001996,0.00289435254185186
"378","gamma-Glutamylleucine","[M+H]+",2.537,0.0459451864856982,0.0145667880944206,0.0645864092997285,0.021416520844658,0.0229388383639423,0.0338620213190648,0.0411479569231945,0.0376856157866487,0.0480360634848004,0.00583277950216082,0.010127906555055,0.0505834842035773,0.0387225717518574,0.0340401074171265,0.0288694585931345,0.0869717539801616,0.0627722445112096,0.0880211734565274,0.0655672857725507,0.0586580049707634,0.0312834325461886,0.046008690653829,0.00656018103292379,0.00683968352644554,0.00619083068668854,0.00298569426934258,0.0185816571995294,0.0211976587687726
"379","gamma-Glutamylleucine","[M+H]+",4.38,0.0086585393052129,0.00176481631084487,0.0417376600679594,0.0295610529324802,0.00318008452438331,0.0317133935659481,0.0422053220208523,0.0320127012953481,0.0539729107127038,0.032479051964804,0.0141570858622603,0.0300256406542041,0.0275943171846095,0.0794594089789849,0.0962999016242383,0.0946970470301312,0.0785387568778774,0.00636989804337825,0.00684233889590816,0.00553931654457568,0.0586695783084026,0.012620407372273,0.00773337056115577,0.016148182342427,0.00712321580811045,0.0164415164472806,0.164454484763646,0
"380","Methohexital","[M+H]+",12.33,0.0138990625641035,0.00803621469764804,0.0345065587932914,0.00579582550601459,0.0367310983312177,0.0272529038140397,0.0251578031147211,0.0212503554742045,0.0488828043076785,0.0360139015009724,0.0145843568862461,0.017021749145431,0.0456959063087684,0.00669702055974407,0.0589046622670783,0.0103128752121881,0.0129146568284118,0.0598783999666209,0.0071139883726534,0.00685074188063389,0.0329175294088123,0.0203679564841661,0.0453725124129374,0.13410954190132,0.124120602453465,0.0329562391399815,0.0548288628560961,0.0578258698115541
"381","Thiamine; LC-ESI-QTOF; MS2; CE","[M]+",2.085,0.0739743662477594,0.0557288218100177,0.00101881504470736,0.0876238496983671,0.124657117036362,0.00576720669410581,0.00508156368990714,0.0093496596424401,0.0252085765827059,0.0181416630844115,0.0235375305138924,0.0799404323378454,0.0687940542216984,0.0419106096020055,0.049627197402687,0.034025186562782,0.0421792098366774,0.046287809572767,0.00798637224653089,0.00815354293435331,0.0251362085568367,0.0692275671177228,0.000488806749826765,0.000516479318325297,0.000513308372693251,0.000664870178510616,0.0430260120421397,0.0514331629019217
"382","Adenosine","[M+H]+",28.684,0.00831145167721541,0,0.00929834352072228,0.0102506863657033,0.014211097344902,0.0580075814094833,0.0787593445647816,0.0879749156906387,0.0782455704194588,0.0580110243339464,0.051082303513461,0.00370416009910114,0.0634381510729208,0.120872478074671,0.127975321057571,0.0682091462246395,0.0424056249122709,0.0284169030645965,0.023428734225437,0.0239655909338997,0.0355089981354768,0.000734233580240416,0.000969310474889607,0.00160993393282432,0.00173304093623714,0.00202293517603441,0.000853119258876679,0
"383","Adenosine; LC-ESI-QTOF; MS2; CE","[M+H]+",15.421,0.00936638731686939,0,0.0212893730941432,0.0158628236072878,0.0198725699134604,0.0879142478048948,0.0754661387181988,0.059289388308189,0.0735761645169751,0.0461053787917065,0.0430088881707561,0.00282135382825751,0.0433165241784385,0.157564949765034,0.183313902949318,0.0536562168517443,0.028615032952249,0.0168345869124274,0.0139512477837126,0.0139730558731834,0.0254261224870443,0.000865361765653639,0.00100387539428042,0.00138294902522324,0.00160799818520564,0.0014646841960563,0.00218179611799103,0.00026898149170029
"384","Adenosine; LC-ESI-QTOF; MS2; CE","[M+H]+",11.723,0.00814348569413318,0,0.108998302477302,0.000548985692928661,0.0936378673915419,0.235262460516161,0.00099344068838565,0.0694341962424918,0.0489915299133704,0.0203069467134853,0.00039755949301428,0.0064419563543266,0.00085177072781992,0.00567717928464834,0.338217900480877,0.00083700313592055,0.000547860548772513,0.00894202307649033,0.000170724682660218,0.000162695081509679,0.000800623674471586,0.00852623500563761,8.12317104873009e-05,8.8699338359211e-05,6.32018592144909e-05,8.20275149489935e-05,0.0221368379956041,0.0196572547054369
"385","Adenosine; LC-ESI-QTOF; MS2; CE","[M+H]+",10.296,8.59338132057477e-05,0.00745822513619186,0,0.0686435736998394,2.62249805391062e-05,0.000161189603461617,0.1217282255758,0.000480390345102128,0.000432451927021707,0.000327932446621284,0.0311391380480033,2.67184520921797e-05,0.0311874621151746,0.43099046055208,0.000636779168747834,0.0600733221352998,0.0328870103069101,0.00018157570667186,0.00749039911387567,0.0151733287884818,0.0898861499358879,0,0.024183901252169,0.0287286511178231,0.0243166582714398,0.0235959083015581,8.99333526647675e-05,6.84558533380747e-05
"386","Sotalol; LC-ESI-ITFT; MS2; CE","[M+H]+",13.185,9.34664448754174e-05,0.000200856655915916,0.000284171409460065,0.000194021352525785,0.0144713752303845,0.599842124744439,0.00182431715888741,0.211393352039618,0.0390458858220289,0.0203129774032212,0.000582190637269765,0.000180730484822753,0.000262906021135214,0.0002761209410228,0.0203650016568016,0.000552950728323095,0.0165002451722062,0.00936092267684556,0.00710314601926994,0.00830479235525492,0.00113698942910204,9.0808271334811e-05,0.00122979765957693,0.000223033418026118,0.00164454867972697,6.95428830099598e-05,0.0440815297773537,0.00037219492756186
"387","5'-S-Methylthioadenosine; LC-ESI-QTOF; MS2; CE","[M+H]+",17.084,0.000285045080013413,2.8008591768674e-05,0.00052786180963592,0.000592918261139155,0.000471164217452584,0.051476914402537,0.0570121106889036,0.0285075588911436,0.0045230242949902,0.0240527858399772,0.0122891209874531,0.000180435770047918,0.21306859181416,0.273093332223324,0.247389928971625,0.0427592122552165,0.00803599290411677,0.00168289380806578,0.00299389423804963,0.00200519165248645,0.0257721518977046,0.000297132891544886,0.000320075958256019,0.000917441902119002,0.000820703434237664,0.000760101704168388,6.75176538123417e-05,6.88878560511577e-05
"388","RETUSIN 7-METHYL ETHER","[M+H]+",11.332,0.0314943279195494,0.00317560469994334,0.102208212455572,0.0888124976521594,0.0918639666576657,0.0191601820657635,0.00323661258723727,0.0190569460797564,0.0288727328550939,0.0467878055421834,0.00481656359970659,0.0447317181826471,0.0377558899609387,0.0017918549120748,0.0366944090966242,0.00218654757939595,0.00225423233336166,0.0468866372625758,0.000495203881001277,0.000269405991470159,0.000818705998927462,0.0443045572692149,0.0348028122492633,0.0339950699355392,0.0334096020988545,0.0425529456001495,0.0995817726989405,0.09798318283439
"389","Erucamide","[M+H]+",24.652,0,0.0164997405120361,0.00998821757101906,0.0306172583819861,0.0220723564003431,0.0286969196056967,0.0254935738291871,0.0336202268327847,0.0291723615746267,0.0390238206115599,0.0479776861209634,0,0.0343579491293242,0.0676281212149595,0.0563982438118361,0.0676356572325819,0.0607987398163674,0.0634415942822081,0.0842551329531816,0.103579366141521,0.089669761614904,0.00736299200354516,0.0119202640889718,0.0106468116825229,0.0125010757328727,0.0139369562334338,0.0172604745766726,0.0154446980448946
"390","?-Gentiobiose","[M+NH4]+",1.79,0.0117436166985499,0.0553190547171463,0.0148579272219541,0.0127726839400039,0.0150048289096977,0.0253100201844987,0.0260833868979766,0.0350056620668957,0.0307556302196435,0.0206314248421409,0.0535869865067564,0.00996759795963992,0.00034431444282132,0.00181633571286883,0.000453194298992803,0.0658762800848472,0.0815997428444423,0.0834084706864904,0.0124364510947922,0.0184541499271408,0.00131493919773251,0.00861938728858641,0.0785879969538345,0.0745663743950422,0.0754083940771587,0.0749424884185504,0.0558260122652933,0.0553066481465027
"391","Melibiose","[M+Na]+",1.777,0.0172805059335451,0.0133231644007474,0.0124537254440055,0.040826133189817,0.0598840607077515,0.102546066053754,0.0801471378312156,0.0913875849412026,0.0209165812827369,0.0147685258714399,0.0349987907350177,0.0159295875320252,0.00229438230977778,0.0040854223378083,0.00227106984319619,0.0412148734394456,0.0310014024339933,0.0302822546593376,0.0154578599426072,0.022339384836247,0.00418031551779386,0.00259557191435627,0.0949971381245242,0.104792064997459,0.0952716860792713,0.0123090991110969,0.0177736506138302,0.0146719599159964
"392","Leu-Leu-Tyr; LC-ESI-QTOF; MS2; CE","[M+H]+",17.75,0.0427795648734442,0.00836455485491619,0.103258773294149,0.108761487901105,0.147449998229002,0.000953629409886085,0.000694839101461692,0.000808702931452314,0.00571301300879306,0.00197023849205769,0.00125408882706683,0.113956432078535,0.0123960594351373,0.00526342846835951,0.00785937488671898,0.0283291597908772,0.0242587689246287,0.0606985632017733,0.017884920955263,0.0158047487600511,0.0134302808558957,0.10759266573888,0.0459805555388071,0.0438333148747563,0.0405230984172842,0.0306074860518944,0.00495183776026319,0.00462041333754207
"393","Leu-Leu-Tyr; LC-ESI-QTOF; MS2; CE","[M+H]+",16.859,0.0232149013343378,0.00712523677426558,0.113456899572356,0.131675125375003,0.133122123563618,0.00377448728679898,0.00543922521068129,0.00425391295498787,0.00718205049925166,0.0118722579101811,0.0117265057519149,0.0272536035293943,0.0246975026225726,0.00712509814272724,0.022682606638572,0.0698217910899007,0.0421927649527641,0.0331045854137306,0.0552489067936982,0.0483687999859117,0.0139303565226761,0.037821939400441,0,0.0789407468304461,0.071642691140292,6.54004784518867e-05,0.00723035728893038,0.00703012293609567
"394","Leu-Leu-Tyr; LC-ESI-QTOF; MS2; CE","[M+H]+",17.261,0.022929606574041,0.00515144923297675,0.123691574068862,0.138475961109948,0.129878339582751,0.00671323549029852,0,0.00774173044356056,0.022782771655411,0,0.0015128000541235,0.0263991656228982,0.0112381808243895,0.00442218562924288,0.00656224089033453,0.0691374633215059,0.0476710246566852,0.0450778664858836,0.0585719918430665,0.0648012520750763,0.016639527036536,0.00610256861605093,0.0650589965587891,0.0573613779781852,0.0143030413610858,0.0474221126240868,0.000236804061490865,0.000116732202720952
