"","Metabolite.name","Adduct.type","Average.Rt.min.","HyPea-7404_1","HyPep-4601N_3","HyPep-7504_1","HyPep-7504_2","HyPep-7504_3","HyPep-YE_1","HyPep-YE_2","HyPep-YE_3","HY-YEST-412_1","HY-YEST-412_2","HY-YEST-412_3","HyPea-7404_2","HY-YEST-466_1","HY-YEST-466_2","HY-YEST-466_3","HY-YEST-503_1","HY-YEST-503_2","HY-YEST-503_3","HY-YEST-555_1","HY-YEST-555_2","HY-YEST-555_3","HyPea-7404_3","HyPep-1510_1","HyPep-1510_2","HyPep-1510_3","HyPep-1510_4","HyPep-4601N_1","HyPep-4601N_2"
"1","Glyceraldehyde","[M-H]-",1.927,0.0485552538316184,0.0244706434580161,0.0049922506827956,0.00545439815019305,0.00899741330503346,0.100025322319568,0.0525528725821319,0.0671080331815781,0.138893993907374,0.122008783930922,0.12078417109469,0.0319172015789993,0.0103131449873227,0.00876248019800705,0.0263524968397304,0.00083080363731703,0.00951796123946846,0.00345250643106612,0.0367137746968173,0.0278648522407442,0.0703819000207337,0.052070668539848,0.00163944776634657,0.00112261474635214,0.00114659159593875,0.000958365199572357,0.0137210418212035,0.00939101201661083
"2","N,N-Dimethylglycine","[M-H]-",1.697,0.0036418693653923,0.00561681232808384,0.00276077772012628,0.00259010294147775,0.00213650481021294,0.0419202231783719,0.0530096976002984,0.050547810706379,0.0562459327079503,0.0672891204043964,0.0601912480848474,0.00233081329335808,0.104969436511826,0.0964193332234473,0.180370112876698,0.0284276747074427,0.0422779063652446,0.0262314711084607,0.0562609758297182,0.0533517077746876,0.0446796899064394,0.00278961698488741,0.00110936813749588,0.00106937007704718,0.00128511532877798,0.00164595821135485,0.00556302580623598,0.00526832400934187
"3","N,N-Dimethylglycine","[M-H]-",2.619,0.00458753791746287,0.00124381558587329,0.0295551689405332,0.00533540148846095,0.0426062865069968,0.0889519273092497,0.0637690436372545,0.0435680908773581,0.0159328137704557,0.113943827549212,0.042145390027633,0.00496943190099646,0.0258738639883849,0.0266012845703789,0.0440843036799093,0.0993720212588137,0.16203441046993,0.0962221975805048,0.0280690255883909,0.0256405734079858,0.018854084102894,0.00513960794136878,0.0022364848612014,0.00345606767044779,0.00169527403644559,0.00365226206046162,0.000420119822152555,3.96834492431375e-05
"4","Serine","[M-H]-",6.648,0.00321021015574234,0.0189122210783076,0.0105244359933726,0.00587980558082966,0.0104964171528003,0.102831626440004,0.116143779154145,0.0595548803360889,0.0610765605569261,0.0581350334858984,0.0701820069593205,0.00392760075976628,0.0470498146109275,0.067895696639968,0.0767152696544948,0.0101679966366563,0.0071330283114818,0.00755299508772424,0.00180367338279629,0.00012588174749854,0.0157871954169298,0.00271385707178842,0.0622922443578583,0.0590738225612397,0.0446603173537509,0.0288168135422411,0.022779272266338,0.024557543705105
"5","Serine","[M-H]-",2.342,0.00425023174268865,0.0424447535654922,0.0125373215135237,0.0104754410976898,0.0148055532406882,0.0664626850217764,0.0540154866045764,0.0327557178925904,0.0655149898338198,0.0623139736862118,0.0896591125678561,0.00585188541085089,0.0538348344926681,0.0903682715573154,0.0920130022794757,0.015751281975337,0.0159209426957059,0.0166901010621243,0.00695238213921155,0.00723836127886739,0.0198459834981463,0.00493626686492485,0.0296933412133988,0.0224934926519526,0.0235266563953759,0.0220832390754983,0.0676140344130862,0.0499506562291474
"6","Serine","[M-H]-",1.682,0.00601675621289799,0.0582103639819843,0.0106541692967461,0.0104487891906492,0.0029358545455958,0.0921135558936003,0.0969996059315088,0.0811175592584534,0.0547815978561689,0.0576054976005263,0.0601432248128977,0.00619185180452971,0.045033840716542,0.0657488633747272,0.0786469799735451,0.012099806096829,0.0121886914783708,0.0122755648612156,0.0052722121610048,0.00496001740453058,0.0174514045326783,0.00212208874635356,0.0224805054298989,0.0200259670575071,0.0188311152167974,0.0189774133745651,0.0640305142015388,0.062636188988337
"7","Catechol","[M-H]-",9.325,0,0.00297227473980101,0.265794367396321,0.378489182719237,0.262799687709508,0.00520794376013608,0.00412388901623325,0.00415766878249794,0.00389983954611024,0.0027375398334106,0.00337177217960495,0.00019302723579828,0.00350137618078379,0.00365166167151245,0.00504214715224506,0.00680145252994938,0.0126384582638924,0.00224083939272253,0.00421144065532747,0.0186085149139392,0.00612792535361039,0.000572532569037397,0,0.00038708854607405,0.00193337458141527,0,0,0.000535995270832723
"8","Catechol; LC-ESI-QTOF; MS2; CE","[M-H]-",5.705,0.00574959543551476,0.00270255550693292,0.0313515100757409,0.0249321790344001,0.11148631793189,0.0429302998899706,0.0659909516186959,0.0450349111824328,0.0700449753071891,0.0778005402825877,0.0939105665883245,0.00501968455205409,0.0338143166126041,0.0327254487723672,0.0376255444815271,0.0438357854758969,0.0301826624361161,0.0616689956022536,0.0397063522622667,0.0290324767496819,0.0508420159022693,0.0102431271644533,0.012608434517301,0.0191816314584164,0.0124848466844374,0.00183915452973211,0.00373277149428544,0.00352234845065799
"9","Histamine","[M-H]-",1.663,0.00477333429985802,0.0976141830338225,0.0111270035810635,0.0115222271592542,0.0115025386934287,0.0371969374591408,0.0603255711556816,0.0396362376952682,0.0417206980814038,0.0629125908186419,0.0657778219276708,0.00297178374368123,0.0665465110919894,0.0636814477823852,0.0673806420319213,0.00859860185044731,0.0157262739444186,0.0114575684476226,0.0153257367177806,0.00989020995511477,0.0185759556400966,0.00226937535209913,0.0128047740949906,0.0126604665897922,0.0130502646532526,0.014913229798851,0.106085369187819,0.113952645212503
"10","Succinic acid; LC-ESI-QTOF; MS2; CE","[M-H]-",2.384,0.0151037334699671,0.00780871343498125,0.00508052479329373,0.00457662698852965,0.00585166409374365,0.0507894615597506,0.0378460202564645,0.0399353531329253,0.0460230564131114,0.035313297304847,0.0286603038297264,0.010346599473351,0.107778076049175,0.108023201439657,0.131801872368885,0.0233925197962904,0.0287319376208133,0.0258693455840354,0.0842272912822725,0.0795040839024017,0.0827444967342757,0.0165381251870202,0.00144330156139864,0.00127159509280925,0.00128471181091837,0.00123329709986638,0.0103753495106008,0.00844544020888838
"11","Threonine; LC-ESI-ITFT; MS2; CE 90.0 eV; [M-H]-","[M-H]-",1.726,0.0010851144605906,0.0442862597077585,0.00425366777769493,0.0040496743902564,0.00398465872765351,0.079776685073952,0.0819616527947176,0.0623266530451623,0.0680579955296838,0.0567983481547117,0.0593117432158101,0.00096835172658379,0.100809004983091,0.103310210026919,0.10528126400678,0.00842920684995101,0.00890430405802521,0.00754281095020459,0.0159848063233104,0.0167319907808838,0.0359685360277064,0.000727782760233985,0.00695181520956173,0.00664651601580309,0.00593658736513447,0.00544575016293632,0.0519758052717237,0.0524928046031602
"12","Threonine","[M-H]-",6.653,0,0.0249138358085919,0.00629348253505401,0.00385810514900628,0.00588491082389269,0.100248781993545,0.109314940717558,0.064005425402992,0.078010787253523,0.0723364939933744,0.0763078637508672,0,0.0720736221838198,0.0736587147159678,0.0674644681720566,0.0167533231934989,0.0102318050127639,0.0104652543866145,0.0199784458297416,0.0172735118567473,0.03242418320847,0,0.0240045177796954,0.0239360223493763,0.0162945685760007,0.0115357132113751,0.0318213292698674,0.0309098928256003
"13","Threonine","[M-H]-",2.735,0.000258869276682406,0.0431734736693228,0.0148582575202359,0.0126440020835462,0.0196937361858973,0.191917307934243,0.0516518595137406,0.0296592374782856,0.0370781823473423,0.0343883774182787,0.0670056803481253,0.00123602576786143,0.0524787033543805,0.0343868636729629,0.0654821860606122,0.0596686358786183,0.0160040196339545,0.0419607151460047,0.0776616114225565,0.0211330895801718,0.0175625258715831,0.0013362567947678,0.0268770865538861,0.0150416315734437,0.0111840587405481,0.0242284652878053,0.0172540004767921,0.0141751404083505
"14","Glutaric acid; LC-ESI-QTOF; MS2; CE","[M-H]-",2.831,0.00277406958303979,0.00114171714930058,0.0372899882705914,0.0409875393646138,0.042687150029152,0.0475497227709063,0.0637820914970435,0.0258584817372094,0.0178139365796131,0.0372469196263888,0.0234822148181986,0.00236186835556056,0.0604107737369593,0.0952096241963082,0.0844982999277345,0.0439548376691558,0.0481022210597217,0.0326875806308966,0.0863908598122492,0.071841814434465,0.0353329990495085,0.00263108761310728,0.0262210290951433,0.0244262015774829,0.0218708080594079,0.0194771951063111,0.00216810180536473,0.00180086644456628
"15","Asparagine","[M-H]-",1.683,0.015624369956984,0.0509710597676621,0.0256097778772371,0.0254936028952343,0.0227847691375265,0.0726081345858006,0.0825393722470047,0.0591234311057115,0.0566323618363853,0.0630599807050092,0.0548405692940988,0.0149721775706873,0.0537627940691056,0.0550379221073603,0.058911935833609,0.0145822170416965,0.015328802555648,0.0152189038405891,0.0145358859469955,0.00972878486693965,0.0285527583434097,0.0143258736647606,0.0168719721991528,0.0153604306636419,0.0175549983185222,0.0176028887852948,0.0544864261432114,0.0538777986407216
"16","2-Hydroxyisocaproic acid; LC-ESI-QTOF; MS2; CE","[M-H]-",3.947,0.0207832333988296,0.00344499822972449,0.00510291486153665,0.0059853419882357,0.00652678003478789,0.0747082567579267,0.0669943145625301,0.0926873835886168,0.125688734151587,0.129465976562497,0.121792439092955,0.00940885468879528,0.0143544407800682,0.00654405096812995,0.020893066618189,0.013225790999886,0.023334985231512,0.0159468219963188,0.0253898428019868,0.0179487898755554,0.170233444312719,0.0144859396560794,0.00160954949629372,0.0015074385166152,0.00124807817771553,0.00147803512544488,0.0054552345416668,0.00375526298379698
"17","Aspartic acid","[M-H]-",1.65,0.00114638157064957,0.0121086398361133,0.00544311227362428,0.00530923105037221,0.0055446582108508,0.100509012997908,0.0762609804569158,0.0831527016865779,0.0801925782587403,0.0767430892265551,0.0857306301160519,0.000935329905672618,0.110214125936435,0.131441986676103,0.106134476030866,0.00463082996192646,0.0124426845759518,0.00288328010079172,0.00578107830067814,0.0184150718077475,0.0290961497914652,0.00121545967225662,0.00726392628202473,0.00582208076272108,0.00508288234447103,0.00504142328485523,0.0102984822698723,0.0111597166118032
"18","D-(+)-Malic acid; LC-ESI-QTOF; MS2; CE","[M-H]-",1.956,0.000945520414374812,0.0742863237432197,0.0538528603745197,0.0546078947428349,0.0628633231200027,0.0237629463757971,0.028008870988593,0.0227559161701563,0.0173207396890217,0.0270614740924528,0.0227514174335413,0.0138068757017508,0.00698034284645982,0.0246317885070684,0.0153236944457863,0.0144510035927054,0.0237144838085399,0.00919367369900689,0.0276283180767534,0.0356385424786125,0.00762591472152384,0.012282274536551,0.0816067143838033,0.0032376514520149,0.0824406256706667,0.0804483195109841,0.0911319450981717,0.081640544325087
"19","D-(+)-Malic acid; LC-ESI-QTOF; MS2; CE","[M-H]-",1.738,0.00641628778573801,0.0909736110342153,0.0456641316003916,0.0405238889314,0.0472093466704018,0.0244286855257862,0.0273443240715125,0.0250623706792234,0.024210800240804,0.04388073824791,0.0297582448534438,0.00812437571171592,0.00471650111694196,0.0161670303653837,0.0129163802924504,0.0110635154590121,0.0218414308593306,0.0051192126621408,0.01671894631053,0.0180969348106832,0.00591619470432912,0.00471172104041895,0.0779356063349224,0.0827919481828211,0.0922501539623429,0.0789323916926883,0.0372453645275872,0.0999798623258746
"20","D-(+)-Malic acid; LC-ESI-QTOF; MS2; CE","[M-H]-",2.977,0.00305261914378142,0.0483153316194728,0.706430547474039,0.00621713332760285,0.00989807335973921,0.00482022137282778,0.0049636942562989,0.00502887970970412,0.00359277828696172,0.00757443155992825,0.00536843303245732,0.00429004468805562,0.000803429846264567,0.00502012010245097,0.00194167966625381,0.00200512650815294,0.00281954537738181,0.000815134278748122,0.00160506285001567,0.00340981646177102,0.000441133155771464,0.0157808525616764,0.023953848965188,0.0229893271963619,0.0232432227072579,0.0231998489254745,0.0108723529816593,0.0515473105847026
"21","ADENINE","[M-H]-",8.238,0.00272347622956503,0.00364538016724831,0.0133961473864029,0.0152198209822064,0.0161712549542206,0.109189656655098,0.00464470099022138,0.159593117799272,0.136602662258744,0.00178893373840899,0.00230338448519631,0.00125984884974026,0.225648920147888,0.0265026667304981,0.137648570787743,0.0041280586017725,0.00841558016795167,0.00479353864734038,0.0195973735778689,0.00263969215783667,0.0829953513096507,0.00330175646235997,0.00192595185127331,0.00205406992547549,0.00132657161434897,0.00183027942189687,0.00584706520849888,0.00480616889127129
"22","ADENINE","[M-H]-",10.616,0.0035362256152558,0.00366218569318308,0.0656549393777438,0.0288119211478147,0.0581468033730349,0.00851801324238396,0.0769112607141477,0.0200649405954149,0.0175421990042065,0.0151297908647165,0.0199671005176608,0,0.0237115664160986,0.313174780395106,0.273767566520301,0.00200860451979188,0.00186385744471623,0.000937165759482362,0.00185907203815856,0.00227590306149785,0.0108240410013968,0,0.00836654698922538,0.00910334314509953,0.00804125824834912,0.00795836265733401,0.00952396244145919,0.00863858921642051
"23","Hypoxanthine","[M-H]-",2.296,0.0219424339310451,0.00821354432173852,0.007143175961229,0.0053950277086725,0.00459967095706702,0.109493969242865,0.00525521186935069,0.0586715185229559,0,0.00216896613019043,0.0345960610381688,0.0147649598249698,0,0,0.000809647645291405,0.11586528033252,0.113470987919692,0.125826307303547,0.101138338200068,0.117855042571202,0.100750330648211,0.0277980591008718,0.00439701433866051,0.00188072076220188,0,0.00231739565885718,0.00498716951818937,0.0106591664924352
"24","Hypoxanthine","[M-H]-",4.06,0.000747819821138422,0.000368860238522289,0.00188926506137795,0.00187067450179927,0.000843075874200833,0.0297700340072958,0.0512821364104475,0.0283601928432849,0.0258765441801151,0.0363515500813171,0.024236488660164,0.000276178673380485,0.0579004245312795,0.0579468957427146,0.0788135901795638,0.0143658782582229,0.0245681233151435,0.0197359102741071,0.180285285602033,0.0803840085432329,0.281671828761972,0.000553839492944392,0.000603618854660836,7.29215922244097e-06,0,5.31497621375474e-06,0.00078244572027555,0.000502723235370501
"25","Caffeic acid; LC-ESI-QTOF; MS2; CE","[M-H-CO2]-",17.264,0.00201373170776003,0.00230612469922471,0.0172143005580433,0.0179940963926237,0.050828031468105,0.0455328822308409,0.0264721078292132,0.0263177440590538,0.0530093407283221,0.051853165223779,0.0484064231830391,0.0019173989722996,0.0843390511003298,0.122453977789185,0.241066109268328,0.0360053798361853,0.0293553764391168,0.0196673905272008,0.0223089139033636,0.0174056416060841,0.0350039030133346,0.0024748896652984,0.00826360716253374,0.0107516192706208,0.00916089605215267,0.0104662137515924,0.00362814230555444,0.00378354125681551
"26","2-hydroxyquinoline","[M-H]-",19.597,0.0228504339513082,0.0231244688300966,0.0389328980088029,0.0421367240683275,0.0852139631654476,0.031158378714305,0.026609076041203,0.0191110487861153,0.0429096863010651,0.0614849753969716,0.0209108146052819,0.0343791525498893,0.0770287268039447,0.080719315735604,0.0877888256633296,0.0170431289357184,0.015674874653467,0.0171230311404021,0.0124479562987109,0.0194093268948176,0.0271283829462344,0.0244333145007636,0.0233891821894095,0.0371815321069406,0.0320875574813217,0.0320839898264492,0.0220951393343122,0.0255440950697606
"27","4-Acetamidobutyric acid","[M-H]-",3.174,0.00138278839054901,0.00167173960334747,0.00951975934602622,0.0107562805200178,0.00748774693734242,0.133927389362318,0.0690231811663459,0.0861797216632816,0.053676215902557,0.118937146332482,0.0431879667919874,0.000778195462823591,0.0731991918213902,0.0365379832943902,0.0999029330919228,0.0769656461078408,0.0599017632806796,0.057984960791734,0.0137420090513941,0.00916209029303821,0.0202166759449491,0.00133244373699287,0.00326570128780122,0.00289139760382303,0.00273209530105793,0.00236435405246546,0.00165990436540058,0.0016127184960413
"28","L-Glutamic acid; LC-ESI-QTOF; MS2; CE","[M-H]-",1.681,0.00558309299641364,0.00829654497971809,0.0040560450711571,0.00426841528139838,0.00329237191964476,0.0549835050894355,0.067324661600618,0.066354357237427,0.070751608733304,0.0802986428750409,0.0747167212559781,0.00396510948284965,0.0713696756238378,0.0756144354663801,0.076500761734456,0.0369040808084595,0.0502206245542882,0.0327974723424287,0.066398730029819,0.0641074314814002,0.052141234370643,0.00451725673536023,0.00208169533837838,0.00195932559044976,0.00237736063317985,0.00251184702635058,0.00844572075455081,0.00816127098703263
"29","(-)-Citramalic acid; LC-ESI-QTOF; MS2; CE","[M-H]-",2.155,0.0156969922630308,0.00884723263031053,0.02409297454669,0.0248218141691386,0.0125124419554264,0.0335146764580949,0.0468982510291,0.0315209407392268,0.0544450008459824,0.0900688739710969,0.0492146950853432,0.0151358406241647,0.0981498801374136,0.00429254862691812,0.153403189604008,0.0192351528506884,0.0199016474963456,0.0200957259849259,0.0421866797893442,0.0582132248450471,0.0568689101117885,0.0169160408154639,0.0237122417656498,0.0251412970393872,0.0223064897306262,0.0214361757793618,0.00199900960357071,0.00937205150185579
"30","Guanine","[M-H]-",5.198,0.00266315472538374,3.6972459878245e-05,0.0672300258339533,0.0327940347053213,0.0611305811666208,0.0187011442123122,0.0085262916534261,0.0328905423057214,0.0156163454423512,0.000945483760305204,0.000983467432761316,0.000101690064861703,0.167254181174407,0.182635956899086,0.092677443159109,0.043626933849254,0.0301837158371311,0.0282428828962746,0.031693551017065,0.0729842046067306,0.107734114040004,1.20713501482817e-05,0.000940617299774222,6.42751994806412e-05,5.39102705575093e-05,0,7.78317681026644e-05,0.00019857686997854
"31","Guanine","[M-H]-",4.873,0.00246781036931318,0.000453506751226967,0.0203722681467055,0.00260581867470277,0.0244899741790354,0.0405770006529956,0.00222195328459002,0.122138303573722,0.0730624453137512,0.000792960721462023,0.00134092985782568,0.0011174603633973,0.17948356420101,0.0469501109032404,0.138181192075513,0.00448780119797742,0.012562355767153,0.00384317958612214,0.121697287612733,0.0337633962502306,0.15300114465963,0.00280535773167912,0.00183621640833205,0.00244866150370134,0.00213097045881447,0.00255260926298691,0.00136556774714494,0.00125015274500444
"32","Xylitol","[M-H]-",1.777,0.00692299473173014,0.00471064776030445,0.0283427939941832,0.0288634703543992,0.0212346175943311,0.050208770482663,0.0455935143172852,0.0454138347355975,0.063750929871942,0.0613470594701188,0.0603812886237767,0.00651344284010012,0.0495783396512864,0.0764106341454026,0.0892223970847162,0.0335797196364349,0.0380296480479929,0.03649909576303,0.0501878669735593,0.0519135776014436,0.0574886495437096,0.0070649993842193,0.018846237002108,0.0207580242157872,0.0170407792660259,0.0192529052701249,0.00555702996004281,0.00528673167768482
"33","5-Aminosalicylic??acid","[M-H]-",3.086,0.00146832424732496,0.000733517475535834,0.0117148220352149,0.0129444422905011,0.0223284929775256,0.179043281398945,0.138446565623291,0.0910455888708684,0.0912679003819724,0.126692051681993,0.0765478208729143,0.00410208021503988,0.00431315643022232,0.00868718606211811,0.01653900024469,0.0183003631118712,0.021855137067387,0.0245770256432736,0.0127777547034678,0.0049937206667835,0.0249759707410792,0,0.024846396467623,0.0271278982804195,0.0301478905685861,0.0219936443220268,0.00242967878933608,0.000100288829988515
"34","3-Hydroxyanthranilic acid","[M-H]-",7.112,0.000102177377103472,0.000438678643462304,0.0227511340222977,0.0305130314160145,0.0229163986003545,0.00488192866585772,0.00536708118540959,0.00402802548462317,0.00294566194055579,0.0178807152416397,0.0033170186139818,0.00041250994220626,0.125617475480416,0.116325849193358,0.14290141403283,0.00289712497183607,0.00284598199137302,0.00323927259697214,0.128298410061377,0.270090423178303,0.0871233159327758,0.000679626145898653,0,0.000108040903525988,0.0014747854790854,0.000990501630114637,0.000357566527950833,0.0014958507406774
"35","PYROCATECHUIC ACID","[M-H]-",9.134,0.000604960341848374,0.000199680381906534,0.226516444867914,0.320585280864469,0.227467030771219,0.012761185685275,0.0135406235817629,0.000468263906249552,0.0165218637069946,0.015593197326854,0.0138376469937559,0.000302295196045163,0.0100002506409611,0.00238196776091331,0.0140921724272931,0.0176026719251325,0.01337058542422,0.00957490090664512,0.0136697360473218,0.0122819157737236,0.0171086502669789,0.00250183148252094,0.00949892247508597,0.0113359079986745,0.00777269066031315,0.00969642940216396,0.000558901596971369,0.000153991586787577
"36","PYROCATECHUIC ACID","[M-H]-",17.318,0.00141860797462714,0.02284413045944,0.00231602856577259,0.00564954852441166,0.0154080068050915,0.000560302002353183,0.000728179560472692,0.000252753724559626,0.00289933916746195,0.00203191497248811,0.00133322050597955,0,0.0283407996238179,0.0351397555106235,0.0422319432134134,1.15895167026666e-05,0,0,0.0143729607031019,0.010692522196694,0.0185978508434313,5.07041355741664e-05,0.133817843305132,0.146995123796064,0.128246097933291,0.132579725009742,0.13753978250738,0.115941269442373
"37","Histidine","[M-H]-",1.663,0.000948595454987193,0.106478237931232,0.00731018572779195,0.00817965240222319,0.00813354726844848,0.0393315146700521,0.0651126229628278,0.0406739655362548,0.0449755379455364,0.0682325249893557,0.0679974365121842,0.000873998357708643,0.0656733102797529,0.0605217165526155,0.0680159481181438,0.00523065666630371,0.0095511860087617,0.00729889452803698,0.0121425606458261,0.0106799253013154,0.0148977265135176,0.000844366739606975,0.016079505235285,0.012845499482056,0.0141237436208141,0.0169150522214786,0.112161976732911,0.114770111594972
"38","Dihydroorotic acid","[M-H]-",2.081,0.000143068776819629,0.00110381183018691,0.00179401141136126,0.00152153021307144,0.00101398438469584,0.173342840494231,0.0881657530903271,0.519353039392587,0.0321675450256034,0.0236517001931728,0.0727298731389179,0.000449044954784084,0.00786656818096885,0.000225375999601382,0.000909208766457408,0.00415014793616023,0.0103982995992137,0.00773457212470282,0.00907764699151876,0.00587283257262205,0.0057296253867955,0.000181361935400826,0.00583887622959102,0.00766656716596947,0.00886482007521145,0.00857420729701512,0.00128771126404794,0.000185975568964825
"39","Pimelic acid","[M-H]-",8.612,0.0862674221973752,0.00892355922962652,0.00648789339293533,0.0613355437792102,0.0625702609790401,0.0118596924867256,0.0102685293444483,0.0106267070080736,0.0106238208061104,0.00968003276416469,0.0111309264910336,0.0657355586720123,0.0144347618782363,0.088591392018093,0.0845798599095291,0.00930482650895689,0.126602383252409,0.0082167283688543,0.00912415026606453,0.075626284179486,0.0125393930490444,0.0800669945199683,0.0116830569265817,0.00964280075884022,0.0443877658516706,0.0520315831308422,0.00825973277810504,0.00939833945256253
"40","Ala-Ala","[M-H]-",1.726,0.0418344900972977,0.0523802353352753,0.0271456704588554,0.0228635614259537,0.0249832206761962,0.0138731245232885,0.00901397981848375,0.0130584015881264,0.0333961749276518,0.0351961322289221,0.0248456378669295,0.0394571816598831,0.0476584559671131,0.0407482384079211,0.0438621627254142,0.0422153061515263,0.0500399694483111,0.043159137340219,0.0769488586365787,0.07118832600696,0.0437294906714899,0.03843205439067,0.015593425814263,0.0170963318429178,0.0139712657066347,0.0112526696580465,0.0505128520651956,0.0555436445598756
"41","Ala-Ala","[M-H]-",2.821,0.0433412599946963,0.0325259611993466,0.0452069441144278,0.0373543372269163,0.0467326446604745,0.0252101558307144,0.0178056876697999,0.0139237233541808,0.0179176469644932,0.0274083698804786,0.0189540745679367,0.0462699929783429,0.019138815136176,0.013522262684356,0.0153485909470441,0.0550365294647521,0.0437784270196933,0.0491517076974157,0.0953595122360336,0.126005446464015,0.0701021293768671,0.0140818194659621,0.0364449463093713,0.0106052282098855,0.00763008005731326,0.0283688306282341,0.0338040291258394,0.00897084673523333
"42","Ala-Ala","[M-H]-",2.211,0.0320969436035216,0.0259564979428143,0.0284839167137875,0.0278850275123968,0.0373568417398897,0.00958083645332092,0.00653135214667469,0.00645067248623298,0.0301502687671,0.0328106842102644,0.0238889165843255,0.0352462067944766,0.00899226002948621,0.00798255174437394,0.00761401304030137,0.14753458065357,0.10838718667614,0.13565856877817,0.0707718476857783,0.033940520789342,0.017644625169874,0.0338265881952326,0.0250718383616015,0.0183845544074504,0.0212273061844627,0.0169840149487677,0.0270398717937988,0.0225015065868448
"43","Indole-3-carboxylic acid; LC-ESI-QTOF; MS2; CE","[M-H]-",19.187,0.0790023376699068,0.0194222622306489,0.0441736059127476,0.0414993324845961,0.0205408969294291,0.0243101278387618,0.0133879867261875,0.00948659596285227,0.0370881985462188,0.0393740745395236,0.0182550209361243,0.095399038522833,0.0913711795443411,0.0993144307177293,0.0859321356303877,0.0182388566818019,0.0124801703302608,0.00790614168811276,0.00774575130543429,0.0115797530648337,0.0302329610546197,0.0852118018180461,0.0150263818843787,0.0176872230448538,0.0164945970410763,0.0157925903058186,0.0200631407647013,0.0229834068237741
"44","Meglutol","[M-H]-",2.414,0.00572582670541194,0.0318224339870429,0.00985822510871046,0.00893627736969091,0.00882812991946563,0.0388688956564438,0.0245198858845639,0.0295029362809285,0.0361958301156335,0.0303963217016412,0.0251308752167441,0.00677842165656168,0.0686525405954284,0.056399771041001,0.0587494099960823,0.0224916419853179,0.0279502388098523,0.0207062837081675,0.0555171746353544,0.053087659148848,0.03730823326552,0.00756954961707656,0.0722157241624836,0.0704839740945673,0.0609504207361443,0.0564377821433098,0.0365057696575312,0.0384097668004768
"45","trans-4-Coumaric acid","[M-H]-",18.765,0.00023753716169611,0.00191467258550642,0.101227898309825,0.098405680051539,0.0757447520278594,0.00209462743951668,0.000844161859692706,0.0010405745973229,0.000610248948456861,0.00477598226169213,0.00110541442147769,0.000164975520329334,0.00242869858579809,0.00363256730367211,0.00336709546523189,0.0217526791381242,0.0230687688948145,0.000838797608389577,0.00319670160030898,0.00294352246212391,0.00129656658661145,0.000264308832695507,0.167981214013283,0.196901312737325,0.158279897914962,0.120734033509973,0.00247780627797984,0.00266950388379232
"46","trans-4-Coumaric acid","[M-H]-",15.805,6.4363132353904e-05,0,0.343912703105589,0.315029790142897,0.302856621903559,0.000928143684461536,0.00122597255552622,0.000948972072119829,0.00113728118348947,0.00317385361279908,0.00121359503007355,0,0.00105763820936986,0.00129153075930314,0.00408355905244836,0.000554427778035287,0.000726688787438707,0,0,0.00196708756228563,0.000890328210147505,0.000207344891893412,0.00740568688394602,0.00455228313700444,0.00418582302136079,0.00214873841858418,4.02056171600647e-05,0.000397361248153081
"47","trans-4-Coumaric acid","[M-H]-",2.738,0.0032843179048143,0.0510626980309643,0.0138099627927691,0.0118413689891273,0.0139766517493456,0.0700787554009579,0.0859332141789269,0.0705859964598335,0.0528177117860852,0.0400549217461451,0.0463180998117201,0.00254334250316741,0.0531048457635313,0.0602669608232138,0.0755179371647164,0.00562155039145834,0.0121025797367209,0.00721753012378231,0.0181660638776119,0.013251004705436,0.0697096359733222,0.00253058428020149,0.023930025621655,0.0250467769150939,0.0246328927660081,0.0247318337096177,0.0587437029617956,0.0631190338319783
"48","Phenylalanine","[M-H]-",9.768,0.014139297794342,0.0206333117294197,0.00752485489305768,0.0192014467415073,0.00778674361920184,0.0811790851781828,0.0738332503047436,0.0501960771002181,0.0837612607909187,0.0978510070835403,0.0768039052634321,0.00330711076225411,0.0757657957679697,0.0851410284441854,0.0919258207746903,0.0203911255363498,0.0163284927333442,0.00742667429285063,0.013114101944153,0.0132940074708759,0.0356966361872662,0.00807571410429075,0.0154407718611227,0.0126834503223504,0.00953573083889918,0.0102045100795429,0.0247425812399269,0.0240162071413639
"49","Phenylalanine","[M-H]-",3.113,0.00219861046219989,0.0363065836870595,0.0100578845498816,0.00857682894983513,0.00887033712167963,0.0678281813368218,0.0689033936612237,0.0578356615150606,0.0800256607551677,0.084317625915685,0.0728230074917686,0.00177180881902124,0.0837501900324426,0.0875047393338893,0.0928604681679743,0.00294937920442227,0.0075132984633334,0.00299572690173119,0.0129717532717587,0.00962914678314369,0.0425116704792104,0.00206112134628836,0.0188652613450699,0.0187743788620274,0.0174539957235707,0.01530932681516,0.0435595057172947,0.0417744532872788
"50","Phenylalanine","[M-H]-",7.215,0.00099570085539171,0.0106025234655123,0.00500155610459509,0.00305345358710499,0.00510972972709409,0.0735344909465434,0.0287174357214924,0.0444635974089448,0.0424198138723201,0.0587050908835301,0.0368375854164493,0.000847138731199575,0.0955420601681808,0.0712101231134376,0.0882498747579332,0.0173669494984278,0.01322535404022,0.0122301949558926,0.106869568924343,0.128374278991681,0.0914563202444029,0.000869064524859394,0.00967725284847557,0.00712184621386425,0.00761294574918084,0.0106964092040615,0.016352594721686,0.0128570453231756
"51","Phenylalanine","[M-H]-",10.617,0.00970194687648937,0.0147322824466271,0.019306045804747,0.00796086422276951,0.0150117927847209,0.0685852261428068,0.133396096226402,0.0561855599160371,0.0799301371061997,0.0667126615167692,0.0682382157977542,0.0149786226782085,0.0783523920981848,0.0739727009250207,0.0775387193338886,0.0220327213435795,0.0174102466402316,0.0115205037650004,0.0134062900418856,0.0168169733831931,0.039297452504892,0.0134106199392392,0.00849464005099382,0.00895473030461137,0.0083440214787651,0.00661484604276763,0.0239680308214465,0.0251256598067691
"52","Phenylalanine","[M-H]-",18.187,0,0.0106914765806579,0.0237150529595132,0.00375488762605455,0.0227427227265144,0.0507676141769208,0.0557135724120126,0.0409056377426977,0.0998543455417717,0.101266192110029,0.109481381750471,0.00572965775994418,0.0724545477599976,0.078619735504803,0.0855118808932784,0.0342543696973588,0.0385000873180369,0.041130824132144,0.0152275192525881,0.00900448701904364,0.023194622192793,0,0.0131552107579214,0.0157116487859061,0.013714996132816,0.00937555686982607,0.00971702594851179,0.0158049463483885
"53","Phenylalanine","[M-H]-",5.339,0.00426871748927368,0.0198033689197068,0.0120190795110186,0.010907403031834,0.012828246363981,0.0776212392830464,0.119998304249282,0.056389667890209,0.0576670574281517,0.0791501280597572,0.0766613478704807,0.00429801399558179,0.0499089006798416,0.107893252969526,0.113534761440361,0.0157821207425416,0.00735884934423195,0.00502682092943118,0.0105721944392951,0.00747638887180294,0.0356076100710837,0.00395443623517747,0.0161223048804957,0.0112512901067846,0.0157428908205199,0.0164394053157419,0.0260429503220336,0.0256732487388097
"54","Phenylalanine","[M-H]-",14.764,0.00571684777992202,0.0182610978025909,0.00648898166773118,0.00922492612822581,0.0156778446295298,0.0707513151711372,0.0556234935368517,0.0490873829628845,0.0721712326907747,0.0823450261051947,0.0896945879695665,0.0202513387753952,0.0827550953552313,0.0806315878468881,0.0942077380091365,0.0381534767161311,0.0291155536297099,0.0215520806655812,0.0140446528872466,0.0121156317267657,0.0361035285141426,0.0173802967576666,0.00740138773930359,0.0150202690121152,0.00982199842006711,0.00245762916285768,0.0203541148192308,0.0235908835181219
"55","Phenylalanine","[M-H]-",11.991,0.0167236353750682,0.0150705106536711,0.00636650379198374,0.0286112344111276,0.0160522923062482,0.050412765527727,0.0541486556883787,0.0459871572657261,0.11353670847257,0.0721259289665217,0.07431475655935,0.0189590549307201,0.0713587320955332,0.084321401410857,0.0752770114679573,0.0357996413675275,0.0269527175861678,0.0217768740216669,0.0201844759035006,0.0179550766576517,0.0335159022818911,0.0178540925045206,0.012801115610522,0.0148896396069795,0.00994303896967476,0.00524698792121686,0.018001040414235,0.0218130482310053
"56","3-phenyllactic acid","[M-H]-",6.823,0.0121323994528294,0.00311034990199404,0.00167233212069396,0.00171866108876218,0.00320276720722995,0.0423968862000525,0.0345142164435246,0.0239880884094773,0.0367820799641749,0.0520331611639293,0.0416963570105918,1.81149949807402e-05,0.0959858088527988,0.0214993407615691,0.192575135043565,0.00574410774633581,0.0128165582213382,0.00614528457581795,0.0452184113439663,0.020229283348841,0.325223746131031,0.0110244671093353,0.000257114117219373,0.000101696634337705,0.000564384737768566,0.000217064111711933,0.00581671060085596,0.00331547270526703
"57","Vanillic acid","[M-H]-",15.007,0.000166248814930323,0.00311896131977243,0.00855207390676264,0.0077469184619332,0.0110551086959851,0.0266131885829616,0.0135035484796396,0.0101009970761162,0.0136464948290977,0.0216233754675834,0.0138652202436439,0,0.010837833928993,0.00841198280010945,0.0116993573930675,0.0432881980081412,0.0736327744663741,0.0245032102024457,0.0121789691058354,0.0106414438815497,0.0244625690447792,0.00042794102845984,0.170269963897988,0.17680759492744,0.149689166524922,0.143859543606477,0.00503876671379122,0.00425854859120132
"58","PYRIDOXINE","[M-H]-",2.567,0.00112005888660316,0.0148205663066834,0.0218604474380881,0.0233841949528062,0.0236169651208304,0.116633199069486,0.0965799074490703,0.0925695796302968,0.0841216278425227,0.0526238816526588,0.068880021378972,0.0019962520697895,0.0619912283890841,0.0381440899276618,0.0491590056322826,0.0162294632263267,0.0338357171422245,0.0204750400029462,0.0191209125346027,0.0288335192819158,0.0246562862818105,0.00175911451017461,0.016722388288025,0.0201396951513455,0.0140324291809748,0.0164385078346284,0.0181205437851073,0.0221353570330822
"59","rac-Glycerol 3-phosphoate; LC-ESI-QTOF; MS2; CE","[M-H]-",1.66,0.057446418923611,0.0162898192517477,0.0121022160176164,0.00915924615745483,0.00917527147986646,0.0610760438213864,0.0394147071811682,0.0284596450615504,0.0196455280863688,0.0165380062962765,0.0234293690552415,0.0409205185415035,0.131689841168826,0.0827531845270992,0.183750455828759,0.0186229102244686,0.0394112618948904,0.0438378542074326,0.0268452913793975,0.0182266390862544,0.0278362378940463,0.0490413111634324,0.00611095800483661,0.00485124755238487,0.0039048368943001,0.00346339773690207,0.0141789334398822,0.0118188491232963
"60","P-Toluenesulfonic acid","[M-H]-",11.244,0.0127640301226223,0.00423005595409447,0.0683650135615503,0.020722070867132,0.0780037639548875,0.159658492759576,0.0161438463401387,0.0596249664324858,0.0444335039212897,0.00173342918037054,0.000129190310369767,0.0114740490851788,0.039877657737113,0.143784971309042,0.108199287517498,0.036242481288685,0.027264097944103,0.0109796661865162,0.00887953422293882,0.0146884303143896,0.0618711754313803,0.0089892292898734,0.0136660283576164,0.0118860577158055,0.0210654342743953,0.00998458502864153,0.00130467111524325,0.00403427977706228
"61","1,4-Cyclohexanedicarboxylic acid","[M-H]-",1.842,0.000593195703654781,0.19215989492164,0.00701206651968568,0.00634405005650307,0.00656441755999491,0.0411749787760411,0.0460746129979288,0.0364538746042874,0.0268942040999054,0.0291161555524448,0.0333742071210347,0.000295777824878411,0.0142118709738084,0.0153438404619026,0.0172741303032684,0.00556835815930084,0.00654557301912816,0.00422279576943702,0.00451653692607614,0.00237534472887803,0.00454115917315857,0.00015853854346942,0.0212071832173992,0.020199697035952,0.0195202430727098,0.0190253755677869,0.203168043877809,0.216063873431917
"62","N-Acetylleucine","[M-H]-",5.364,0.000104195594445633,0.00211622830643843,0.00390063345148766,0.00456121904502928,0.00386453254254089,0.0821687556521576,0.692866494400221,0.0247595642404033,0.00885748009045772,0.0357792358960093,0.0153006203348241,0.000132274079182007,0.0193510899984934,0.0135694858305371,0.0261423336933803,0.00179479941641747,0.00191052288565239,0.00603175556287321,0.00916120732705792,0.00593496327076956,0.013101551778387,0.000126981023208411,0.00177695824257566,0.00869867969122352,0.000456414897387134,0.00920233969118881,0.00473193100021065,0.00359775205744007
"63","N-Acetylleucine","[M-H]-",5.656,0.0011036770784797,0.00250905925684589,0.0188626110159486,0.0225178744171498,0.013589942935408,0.239855409266188,0.00494449309412003,0.107997561738551,0.0907313095843583,0.191014856148558,0.00305163279823003,0.000996598753972559,0.0231344980574388,0.0154667944331463,0.0242124632213586,0.0920251892471902,0.0612903288060384,0.0231691712434959,0.0118157348197741,0.00786458281284357,0.016656159974533,0.00111768612078432,0.00573698773519098,0.00535529777711172,0.00419369766300952,0.00566579212648709,0.00290989203904132,0.00221069783474662
"64","N-Acetylleucine","[M-H]-",6.325,0.000708710229163547,0.00252367722902611,0.0187646139409874,0.018842918061145,0.024591036452869,0.0272341067716575,0.336131544035075,0.0262584341235383,0.0338959829257949,0.0102204259326956,0.410739908378551,0.000900580155722891,0.00342634328731556,0.00260069007616624,0.00467036895610145,0.0118430925816597,0.00816034882647949,0.00279401682356572,0.00159574857298605,0.00156820141528158,0.00217341114566609,1.54290570796642e-05,0.0102052948616969,0.0131175459402658,0.00862090286935102,0.0111850399862556,0.00384739761968056,0.00336422974422232
"65","Aconitic Acid","[M-H]-",3.025,0.0292439552215897,0.0065661294978744,0.0123696525699197,0.0147790862747592,0.0115113703386972,0.0228023461519459,0.028143336448874,0.0251703334466092,0.0206725620398794,0.0531266294224705,0.0288592519876473,0.0313638999565642,0.0666621080059945,0.06317606251452,0.0902378914199849,0.0707508751737887,0.0888568127930747,0.00620252724913434,0.0416974954898097,0.023934226656465,0.037316418821886,0.0212252594751945,0.0572100153604027,0.0496696952221493,0.0489059640030389,0.0357343543365709,0.0076995484734468,0.00611219164770834
"66","Gly-Val","[M-H]-",2.006,0.00656116156972666,0.0940527726665086,0.0233914161257131,0.0220101388982318,0.0254284834897164,0.0302155518408139,0.0433738599076394,0.0320308127036702,0.0468418856464599,0.0462288756109815,0.0538065101277736,0.00783818535551746,0.0545498291929704,0.0573124500283857,0.0470871504953951,0.0104789333605048,0.011677538304544,0.0119113445429488,0.00927900752948516,0.00883833543331816,0.0157641962510991,0.00755553570789359,0.0436634593365712,0.0333132065840492,0.0445171312827663,0.0401674874272125,0.0802981387447938,0.0918066018353098
"67","Arginine","[M-H]-",1.732,0.00489119689979962,0.069872682449564,0.0288384935798391,0.0299059330501078,0.0269901372263691,0.0540839554919888,0.062896654998228,0.0542969817702578,0.0639881320434937,0.0501468375523189,0.0475389554619515,0.00543055029898614,0.0259919309982004,0.0310513986446542,0.0239149323312606,0.00925070802391803,0.0178109129618959,0.0110769045734133,0.041848770151026,0.0342718096424992,0.0193486382542834,0.00419043240944673,0.0363000248712351,0.0373360911750365,0.0352416492437478,0.0332311503458758,0.0704806148543672,0.0697735206962355
"68","N-Acetylaspartic acid","[M-H]-",2.177,0.0110780611784822,0.0122806275464166,0.0331693465462543,0.0283969849632696,0.0439876319230692,0.129392879004449,0.154838357450827,0.0841473725167988,0.0676455004365497,0.071845532314692,0.0435830702386525,0.000325906889625482,0.0375707032181289,0.0361076268455539,0.0375437225793677,0.00999491635748446,0.00920147535288013,0.00864391950211277,0.0245192417802438,0.0192175515456969,0.0469184328597052,0.0106437616326274,0.0129047053557899,0.0155580515170049,0.0126496569761452,0.016824271698117,0.00446754586222642,0.0165431459078294
"69","2-Isopropylmalic acid; LC-ESI-QTOF; MS2; CE","[M-H]-",3.182,0.000893832324179276,0.000405170076531985,0.00451123087144387,0.0437019010950343,0.0434606991541611,0.0848869932491832,0.0804363912826628,0.0596205670985419,0.018511804938579,0.0429510127906706,0.0336168676108325,0.00347133848128681,0.0231095179141336,0.136574232931902,0.0294803925238685,0.0875456900121125,0.101022221833607,0.0733963549553447,0.0236196772019995,0.0587354103092932,0.00955357683529812,0.00200774788851352,0.00944467811579446,0.0101075972316226,0.00965314843517627,0.00817294243268137,0.000580230916150992,0.000528771489394608
"70","2-Isopropylmalic acid; LC-ESI-QTOF; MS2; CE","[M-H]-",3.078,0.000510103605766239,0.000716696331368822,0.0389593968855765,0.0489623405743745,0.0486921305931632,0.0951005388694132,0.0901146873070312,0.0661479649889524,0.0207427691044938,0.0481211470338942,0.0101027463122448,0.000447793191162925,0.0179019498856614,0.119605438328189,0.0181890722732171,0.0284573164594494,0.113176263288763,0.0822279842529662,0.0124565847697665,0.0658038478508829,0.0277504273222921,0.00225385923393899,0.0105851884500638,0.011327833228062,0.010818730356399,0.00916050806069539,0.000947695195747535,0.000718986246463832
"71","N-Formylmethionine","[M-H]-",3.373,0.000700504481532959,0.0252879225902718,0.00174094226936058,0.00202687534277594,0.000161632634733144,0.135292785503162,0.082782777648415,0.0631274290081627,0.0467221503723505,0.0415509708171857,0.0360204294396125,0.00154270042124651,0.0841420113582944,0.112172259796435,0.0894742977426141,0.0276477117348737,0.0157256880711514,0.0146293702955025,0.0289745032405792,0.0215277160138795,0.0574692877619041,0.00160943829425726,0.0111589351732462,0.0115303905239529,0.0100046210423239,0.0118133002152937,0.0356246161454965,0.0295387320613869
"72","L-Tyrosine; LC-ESI-QTOF; MS2; CE","[M-H]-",18.818,0.00409569416382085,0.00722368365533666,0.0141354745038525,0.012469141011656,0.0208333189226729,0.0510775139051345,0.0509859312756755,0.0264107287251961,0.0797594780066806,0.140026589397858,0.14371417365699,0.00302942057385786,0.055895078402063,0.0511116844632559,0.0622530848612668,0.0317994395751783,0.0539185813823028,0.0480794278714163,0.0211083434957311,0.0159665737236709,0.0391315836255239,0.00333391206545806,0.0212993250968915,0.0131389254535381,0.00847153156730113,0.0044437634927014,0.00735787572569204,0.00892972139927744
"73","Tyrosine","[M-H]-",3.1,0.00197259664036569,0.0243692387620769,0.00667880639614963,0.00563505398160503,0.00869522623117325,0.163773341923174,0.17321741442701,0.0926354578735133,0.0836332167292644,0.0672882094521819,0.0494743026586086,0.00182068867013928,0.0427899788310148,0.0518029340307979,0.0682754133136904,0.0033461026112242,0.00537091121727236,0.00371615730698963,0.0072384286601882,0.00550197808563144,0.0323631323374316,0.00214763459329769,0.0134154764279641,0.0117875725005565,0.0102964621940626,0.0106246958970962,0.0248468526554052,0.027282715592115
"74","Tyrosine","[M-H]-",2.739,0.00326048126048456,0.0537232711046174,0.0136192450957761,0.0122662073021791,0.0139876810181917,0.0698267597523878,0.085554877650682,0.0678592665843232,0.0521075371925479,0.041967701210147,0.0476772171793209,0.00264626881104082,0.0506918476705228,0.0588498644592323,0.07232420614296,0.0057800128111288,0.0113322501124548,0.00651979129481425,0.0187886882410227,0.0146393516874826,0.0676501073198402,0.00337169779544544,0.0243635159318808,0.0254022521434309,0.0245593290593168,0.0250230137000338,0.0625111539945958,0.0636964034741395
"75","Tyrosine","[M-H]-",5.66,0.00368423360909028,0.0137441730798857,0.00479600430263999,0.00408337077083037,0.0049993347713971,0.077214985448692,0.0797685960786938,0.0451921504635871,0.0277320719349059,0.0662171961876634,0.0487294562145642,0.00362546589353329,0.0464715179755771,0.0420873846966366,0.0553820850123936,0.0515430741390294,0.064729802273973,0.0536241608012208,0.0645144234809124,0.0738120793551655,0.0662874980742819,0.00239166949722308,0.0273830304373749,0.015494984837878,0.0116858462678722,0.00992101526481557,0.0160096522330884,0.0188747368970746
"76","L-Tyrosine; LC-ESI-QTOF; MS2; CE","[M-H]-",17.876,0.002966497344002,0.00429925116365454,0.214818445639638,0.205657342751069,0.267299919391434,0.0171022911852012,0.0266698833505337,0.012047438428267,0.0162492955526154,0.013141366235414,0.0152212970001232,0.00260462040896561,0.0216052018373392,0.0206288361667595,0.0300280630138158,0.00500270929028083,0.00457822190140481,0.00244295651541232,0.00652501769495242,0.00490563436643773,0.0253409589164371,0.0025990039768169,0.0160402749243537,0.021950931529948,0.00590031726459331,0.021373970772853,0.00534039727322219,0.00765985610445543
"77","4-Hydroxyphenyllactic acid","[M-H]-",5.176,0.0206527945402957,0.00374726569066764,0.00371097063095774,0.00424786222279422,0.00647385055049137,0.0530423319568619,0.0440622024878199,0.0366720646814187,0.0691542595458271,0.11280768982923,0.0771254443111171,0.0101863787538718,0.0284016811205162,0.0116928410675196,0.0645682954394678,0.0087688791813892,0.0158555077010546,0.109539902886446,0.0345060610033019,0.00967792191440285,0.230501919019781,0.0267446776210856,0.00183362496763962,0.00421910146689635,0.00167822995151639,0.00089017075086908,0.00546081269130295,0.00377725801545786
"78","4-O-Methylphloracetophenone","[M-H]-",20.818,0.000436471901330642,0.000467573160000337,0.000753985881082844,0.00162113114399215,0.00165012384275204,0.000708476129696114,0.00153872159418375,0.00278540764085883,0.0996310371584484,0.049144732957916,0.130652873404874,0.000260582862187336,0.150404105506715,0.204999992971467,0.129203765606858,0.0327877551708918,0.0143466416263463,0.00913533580925124,0.0664410741847605,0.0416300011526794,0.0595689260120385,0.000381473630349768,0.00012036362818498,0,9.98051690643336e-05,0.000863279569741322,0.000366362284329464,0
"79","Syringaldehyde; LC-ESI-QTOF; MS2; CE","[M-H]-",18.635,0.00494081970332021,0.0679990544989132,0.0368756954333451,0.0373901863905496,0.0347667667898509,0.00446207329939523,0.00366024225582723,0.00354401480516336,0.00718211849895937,0.00563126610666867,0.00578946458118338,0.000229918191094994,0.00427527918225686,0.0426868373565173,0.0445573152381337,0.0194277412324953,0.0137328267599869,0.00846177350636772,0.00982929093183744,0.0140994966936288,0.0153766149908044,0.0050713449752959,0.0899093126091794,0.117870777674644,0.100637982623535,0.110615555798977,0.0886317330919615,0.102344496780108
"80","Mannitol","[M-H]-",5.259,0.0740082833421213,0.0209093241488128,0.0271972757072648,0.0271085852308583,0.0514417101439914,0.0513863330298358,0.0456291453453286,0.0184630782345079,0.0285231330092236,0.0414009611521923,0.0768969655446209,0.0441069641982965,0.0206598005335218,0.0204232684037275,0.0299854371979616,0.0277578691931598,0.0339131479276585,0.0275535617536473,0.0318649204852138,0.0337281462710626,0.0278088916194395,0.0418968149449985,0.0362501637544087,0.0412861425485303,0.0343026021800293,0.0358307347338251,0.0268208129403905,0.022845926425371
"81","Mannitol","[M-H]-",1.742,0.0977210932357038,0.0394638962282569,0.0242352181169097,0.0236105055128594,0.0374698156176564,0.0339153504153717,0.0275678313165426,0.0217559138818039,0.0545977226876802,0.0480476593124267,0.055925336179189,0.0386720374390371,0.044379113030604,0.039204610370405,0.0676242060333765,0.0195717562694287,0.0281038458278666,0.0151621598803443,0.0264126278124319,0.0302540111649979,0.0208417063912902,0.0455601266048715,0.0185112157887645,0.0219395170118721,0.0184852562394368,0.0176085715798199,0.0481627226836585,0.0351961733673944
"82","Harmane","[M-H]-",18.505,0.063114928715589,0,0.00961988822818137,0.0115631650323001,0.0435225714792582,0.247136116222501,0.143498150621025,0.0554932456656688,0.130778149492766,0.0704233715778324,0.0359331774060298,0.0207510490206048,0.0132755942099555,0.00729805100767587,0.0429640092962562,0.000110227885947912,0.0035001993009251,0,0,0,0.000366312873503666,0.0227466562352241,0.0171016523791038,0.0225377057308851,0.0143864092356865,0.0103391530193162,0.0127159186139641,0.000824296749799029
"83","4-Pyridoxic acid","[M-H]-",6.334,0.0210635380855687,0.0117193585648674,0.101405819363224,0.10667260532971,0.1103372228829,0.0619218374415763,0.0163148970355105,0.0295062725125181,0.0161026138702581,0.0128781304612549,0.0236824793300071,0.0315484033661734,0.0178619485202164,0.000961083556462457,0.0180502503842445,0.0257617554449859,0.0230873538643034,0.0167914323911029,0.0134017699001588,0.0112793388898981,0.0139635275887414,0.0444512019439621,0.060316921767043,0.0650507962879464,0.0510470327689886,0.0538606861536774,0.021174000881184,0.0197877214135163
"84","Azelaic acid (Not validated); PlaSMA ID-221","[M-H]-",18.704,0.00817274233836366,0.10423130246577,0.101130068017862,0.0976983515431562,0.098419343136407,0.0283184828809218,0.0245971203529271,0.00912352491064328,0.00851320819537938,0.0146208019598814,0.00604890762237843,0.013043567576283,0.0201402983011334,0.0191820901353606,0.0185690714622063,0.0276057121382737,0.0206478256396296,0.0350728218851537,0.0107285166417898,0.0107100053558171,0.0141450465801252,0.0114570008984106,0.0253006067083559,0.00603773569720028,0.0410810851622442,0.0323086327305482,0.0875432536030273,0.105552876060751
"85","Ala-Val","[M-H]-",1.979,0.0380683859317781,0.0432021595615892,0.058245529184514,0.0517411087690023,0.0634844722495136,0.0114116500770999,0.0133366335359452,0.0137153722407016,0.0192180283333446,0.0214924604472239,0.0208436342138674,0.0494858001579931,0.050917161137498,0.0461917564863016,0.0540668553163909,0.0303478202380301,0.0283790175346775,0.0316476717665253,0.0432813967370189,0.0410174705392932,0.0319274116590187,0.0487243093004461,0.0308236095871964,0.012722186609579,0.0281640911948912,0.0217225109466154,0.0449786992977402,0.0508427969462046
"86","Gly-Leu","[M-H]-",4.261,0.0325204678478762,0.0304195876337503,0.0523893000025829,0.0383093891595486,0.0527509499749888,0.031352193092322,0.0170861157313535,0.0112620579920701,0.0260506273281322,0.0250674492558306,0.0222218571199103,0.0311323267819205,0.0242880594070029,0.0229274283757143,0.0617118699839082,0.0176614881064186,0.0272772539238862,0.031838555221886,0.0273359572811955,0.047476940095524,0.0188665040416062,0.0323528247532847,0.07137481551083,0.0717766912672604,0.0499931759830673,0.0537913642027508,0.0336409668432251,0.037123783082154
"87","Gly-Leu","[M-H]-",2.375,0.0480946084448189,0.0478676816420124,0.0390769099939531,0.0346622795704687,0.038924985340001,0.0114501379251452,0.0132674679970852,0.0118921405087597,0.0255161737694946,0.0260249722737536,0.0258720027200811,0.0549405048896026,0.0209948841480231,0.0217454707414002,0.0197693400340705,0.0359625625491402,0.027844145040471,0.0311836124823238,0.0175592000335992,0.0178131121365347,0.0103657679414158,0.0473995692147914,0.0758351789771871,0.0701836164448236,0.0681972444258755,0.0573954508919827,0.0480600349723112,0.0521009448908738
"88","N-Acetylglutamic acid","[M-H]-",2.317,0.00185197456197371,0.00634310108139511,0.0152494492446883,0.0194441039867487,0.0148182209990231,0.142231573404361,0.159091870773361,0.0705567547465107,0.0436992274117619,0.109127824489664,0.0337364750769495,0.00165541370125708,0.0284733376719048,0.0216596251042536,0.0290601869500167,0.0812761218997207,0.0506503316405961,0.0718622758391102,0.0184625480979304,0.0143875807975923,0.0269613878960899,0.00196193254454652,0.00578150311452126,0.00592072494546031,0.00627007038996402,0.00608649052710424,0.00647783553734828,0.00690205756614693
"89","Ureidoglutaric acid","[M-H]-",1.938,0.0103423623988345,0.00941947129441615,0.000600105503428444,0.000181350807331558,0.00178273829428767,0.0166322096340241,0.022901387769497,0.00684536563482539,0.00858775177847332,0.00733091881587853,0.00972824994587319,0.00897413752666511,0.0183198068613586,0.0174424825887012,0.0162883124755254,0.0123055223390903,0.0105697667414983,0.0106857791745875,0.319737698884857,0.331297825223243,0.130428460134183,0.00968739845001094,0.00121634175379182,0.000205458436175536,0.000187336629176143,0.000381404937617844,0.00777791496076275,0.0101424410058858
"90","(2-oxo-2,3-dihydro-1H-indol-3-yl)acetic acid","[M-H]-",12.637,0.00130532497943443,0.0184104772365846,0.263429442621144,0.220403461123303,0.307486654604428,0.0345211123336822,0.0226370564083618,0.00838332837714751,0.000609196898382266,0.00148970595001532,0.00101148265237693,0.0094085191473225,0.00156116460368542,0.00112827310153766,0.00132812660111834,0.00150354979175197,0.00150198896645814,0.0020678899284287,0.00924788986599568,0.00946708402682611,0.000663147163973655,0.0115135295729568,0.0125875809610259,0.00987914190439959,0.000882816358589161,0.00888516764010138,0.0200785244419133,0.0186083627390557
"91","Citric acid","[M-H]-",1.724,0.0935371726647769,0.00203721814483706,0.0428228996259687,0.0448145876585789,0.048510010757651,0.000756870485161919,0.00280846524868946,0.0043450363298458,0.00431567910531171,0.00802388888401594,0.0019354573890981,0.0982944003506141,0.00162499212748444,0.00648882583074088,0.0042536038837589,0.0776343906135289,0.065099611130972,0.0705215248250563,0.0109077996725826,0.00601674593673568,0.0235842933377248,0.0940004350361246,0.0734598353267715,0.0709235938564504,0.0736278055767265,0.0661137328073318,0.00191314745735123,0.00162797593610991
"92","Citric acid (Not validated, isomer of 227); PlaSMA ID-228","[M-H]-",2.123,0.115964660733889,0.00236988123570901,0.0413763360567618,0.0415197339591759,0.0464389545366737,0.00705348147093681,0.0113930372852242,0.0143745461255221,0.00870967259521458,0.016750155864018,0.00974403524855792,0.113731908826958,0.00798925874107194,0.021389807463337,0.0104700127128802,0.0588793821857628,0.0631955678907307,0.0652582201765913,0.0104849958630188,0.00834238552822304,0.0236463226646161,0.128865774082464,0.038971873916881,0.0374285737929781,0.0464023252831786,0.0443749777123441,0.00308876491123283,0.00178535313604759
"93","Citric acid","[M-H]-",11.372,0.127925912298901,0.00536920316765557,0.064039353716026,0.0392290372329043,0.045344532033417,0.00228174913659936,0,0.000148978435403281,0.00111880133299441,0.000620086160679413,0,0.143638748031538,0.000225948506640672,0.000647439161201792,0,0.0357164030727979,0.0194310626780649,0.024046468040627,0.0053258200365945,0.00199002620544673,0.00585010708381646,0.0964649999910944,0.087726543275373,0.0856201077886333,0.0930703017913798,0.0673706947331352,0.0314315237351527,0.0153661523539229
"94","Citric acid (Not validated, isomer of 227); PlaSMA ID-228","[M-H]-",4.355,0.149183568534927,0.0154329207262315,0.0493395013210223,0.0513581924582272,0.036917224095036,0.00128998224211828,0.00345177296852185,0.00150725202233894,0.00194551721571392,0.00300004775867064,0.00150525948327692,0.144729216328368,0.00302958299914198,0.00308026821153201,0.0035136558353281,0.0165989608120078,0.0412793591031316,0.0147342244507665,0.0149613427704134,0.0126950994103683,0.0310114836045272,0.12324484031491,0.0771002612239466,0.0832666507305053,0.0433248457395976,0.0400425631250385,0.0184005585917215,0.0140558479226109
"95","Citric acid","[M-H]-",5.27,0.0788008656488778,0.0120709763878025,0.0505461365129527,0.0489533643950748,0.0380053793213578,0.00306442654474443,0.0063717072373882,0.00557652433432021,0.00337270945477009,0.0395908179177364,0.00152961216396544,0.074882015097704,0.00867606011324241,0.0177596348492975,0.0137162290189096,0.0299935070834026,0.0225898358675386,0.0247579227470345,0.00450055922684883,0.00663958702740381,0.0206682928139464,0.0802500840834074,0.182484782255371,0.0575214842387498,0.0718992427314031,0.0685839180823648,0.0153076719360158,0.0118866529083692
"96","Citric acid","[M-H]-",1.901,0.115274635084728,0.00251044989669678,0.0527745638373888,0.0997223900811666,0.0348446942736389,0.000828100442048885,0.00164040788322983,0.0020839347384486,0.00149395810022277,0.00284808673510211,0.0013499551665623,0.121137423832131,0.00325625684572172,0.00799659375448776,0.00533728112238186,0.0509214066166827,0.00525694005085851,0.054982446100681,0.00989504473127933,0.00848860344133767,0.0193827401042886,0.115845557814771,0.0936030633070429,0.0898964398615095,0.0478161234678119,0.0464492556386122,0.00235754566790822,0.00200610140325997
"97","Citric acid (Not validated, isomer of 227); PlaSMA ID-228","[M-H]-",2.932,0.010050201214289,0.0584763553725566,0.0252950700802643,0.0198148018712793,0.0196375047152562,0.00323132845613713,0.00636734869699974,0.354560706139529,0.0546176471838951,0.00712230909638828,0.0244941731332994,0.0428220906800369,0.0205650046074749,0.00741363958245443,0.0538320391403697,0.0102031666331846,0.0185419491004044,0.0194586394945522,0.00346576558359021,0.00344134873230466,0.000520267929461345,0.0195701717777975,0.0510574692661041,0.0501229823744761,0.0526769363511056,0.0498406281584616,0.00606025463238197,0.00674019999594529
"98","Citric acid","[M-H]-",9.953,0.12270908637348,0.0278786756077783,0.0388884942758058,0.0399781567452414,0.0162756114150895,0.000525170032463713,0,0.000601769167257166,0.000401861336245767,0.000813610097902559,0,0.116003820864854,0,0.00108443463531027,5.4892258316376e-05,0.0215726575183358,0.0181051260618328,0.0246901513855749,0.00363811795698515,0.00298270666565898,0.00236741331881662,0.112243530697331,0.118915042581277,0.103036973856852,0.0868367114423083,0.0670458361721799,0.0424038717794127,0.0309462777536906
"99","Citric acid","[M-H]-",8.642,0.140419950144994,0.00376852881992813,0.0295812737378614,0.0407752782699976,0.0239661142774857,0.000313133067228865,0.000943671482700152,0,0,0.00177940504214605,0,0.0849108312124809,0,0.00277271037779781,0.000321551973932049,0.0266161850591296,0.0242052363589209,0.027770957486029,0.00571480413225072,0.00295566452943715,0.00458516277013696,0.135267327931997,0.0822455561366416,0.174882681906815,0.0430182258021145,0.120271621574416,0.0144801425635043,0.00843398534205515
"100","Citric acid","[M-H]-",7.279,0.0793815968677904,0.00272939634172791,0.0390491083983159,0.0456011839825649,0.0340090114577259,0.00182402494218345,0.0611979506718018,0.0294748128534829,0.0194103669985035,0.00167545548503753,0,0.130422799196526,0.0230977028841753,0.0374049808372861,0.00267587546976474,0.0308186631035403,0.0293712457630244,0.0266675170227196,0.00584117269330366,0.00316983669016616,0.0188521807317463,0.13532245288566,0.0820338783196531,0.051090632076454,0.0456041542508518,0.0587621625481001,0.00271286371635709,0.00179897381153681
"101","Citric acid","[M-H]-",13.544,0.0969656215264689,0.0263144262195139,0.0676830622191921,0.0347647522577484,0.0713854413730002,0.00567708131192182,0,0.00621810472900773,0.0043753270001834,0,0,0.10425627852845,0,0.000731247783561317,0,0.0224293184054401,0.017059727619362,0.0336773751436052,0.00430353479182009,0.00077955344580113,0.00201534554289484,0.109355524177234,0.0965178780088806,0.119316984587329,0.0861889614232647,0.0328070403670431,0.0333898731676538,0.0237875403706244
"102","Citric acid","[M-H]-",6.479,0.0546967596248676,0.0166106923715146,0.0518809674431527,0.0157270458290101,0.0456731702277769,0.0238901213163385,0.0117707447542099,0.0241150586309095,0.0250192741897139,0.00654877823047417,0.00514728116659609,0.0447377306218336,0.020470757688456,0.036842312713699,0.031563045356824,0.0146422154805341,0.0128198046420124,0.0129677934068031,0.0106158355468893,0.00523987178232589,0.0275915428376502,0.0405789639328408,0.124666724855419,0.110791371171484,0.0967597370258276,0.0837263310607007,0.0263844199735683,0.0185216481185679
"103","Ferulic acid","[M-H]-",16.249,0.000466264047661511,0,0.390710718516783,0.306072720095087,0.274911419544779,0.000953995669184104,0.000801197055231696,0.000388261958021471,0.000919608695669068,0.000483457534419029,0.000549803022867532,8.34418368627579e-05,0.00145542379710675,0.00124395362382361,0.00060254914325924,0.000744662539452738,0.00118916759822338,0.00142249389874066,0.000249645542185434,0.000649758378084968,0.000630913539491982,0.00175121005234202,0.00458988385751126,0.00342315521658159,0.00214802018457062,0.00323732956591983,0.000245274316738607,7.56707694017327e-05
"104","Ferulic acid","[M-H]-",19.13,0.000616508052198559,0.0401996526409666,0.0704827872152303,0.0704524944803513,0.0421655563601247,0.0030009990986244,0.00194694882131951,0.000366145443247825,0.00163924764640719,0.0112121555372926,0.0028533264037971,0.000495828535959846,0.00281395988911946,0.00379048814443099,0.00459759822489488,0.0387865650071033,0.0330126223121823,0.00578494706616618,0.00299108287892183,0.00279942780077658,0.000535756677240107,0.000765461957713097,0.138547052322082,0.147414293937602,0.158539625512296,0.10544299017866,0.0527644858506777,0.0559819920046135
"105","D-Gluconic acid; LC-ESI-QTOF; MS2; CE","[M-H]-",2.544,0.00717998157876092,0.0527467577918493,0.139258163622024,0.107238900736305,0.155659956851011,0.00763924736080325,0.012362317588079,0.044954713805107,0.00405144633198561,0.057296301659858,0.0453213283846691,0.00816907209431425,0.00195949507430393,0.0324705482070435,0.00328892304266549,0.00628130384377917,0.00189273170781081,0.0235995848603264,0.00202275482389654,0.00368687552894883,0.00292785585652922,0.00569220959103448,0.0452509640785838,0.0525751778864159,0.0481609125598437,0.0460903722943318,0.0392475165195537,0.0429745863201667
"106","D-Gluconic acid; LC-ESI-QTOF; MS2; CE","[M-H]-",1.677,0.0131395074171833,0.0419005013719676,0.0748358127776568,0.0900908792054923,0.0975151054520752,0.022751116137373,0.022296554137298,0.0251487375430678,0.0199034585676685,0.0203183218154346,0.0233370999948577,0.00967874891020011,0.0215716218014872,0.037693338415067,0.0293990419984878,0.0209135963456131,0.0349726242874535,0.0234147315508684,0.00631863050552735,0.010468568002138,0.00534969566597706,0.0110445688440269,0.0775301420018054,0.0679438161269272,0.0613940967354022,0.0673023499958014,0.0331298142371915,0.0306375201559513
"107","Acetosyringone","[M-H]-",4.55,0.000479727577396448,0.000351105435136734,0.00221635305930063,0.00229079466151436,0.00197457968167606,0.0131138915732818,0.0012078959107027,0.00765932881768417,0.0051949233934418,0.0192070338122172,0.000664083823574438,9.31491005091741e-05,0.128799766395779,0.214749781384434,0.204268597988225,0.0158408492919406,0.0154908442978801,0.00360724584779308,0.145275699652345,0.119504081697781,0.0955321380256055,0.000556693720902639,0.000161894301857849,0.000343661274915362,0.000212320395879146,0.000221641779112865,0.00081134873230159,0.000170568366811448
"108","3',5'-Dimethoxy-4'-hydroxyacetophenone","[M-H]-",3.629,0.0108364827268114,0.000994855947254408,0.00261481680919441,0.00302050139281569,0.00148421189129736,0.019767619287672,0.00254902542828193,0.0128447689689657,0.00883982715093984,0.0248307781453878,0.00778265166345435,0.0142177083664243,0.110191536242632,0.175564386760969,0.179556135584405,0.0159728974229047,0.0226787576990237,0.00435247307023377,0.151256467822199,0.113551062877986,0.0980671742150559,0.0131803223708228,0.000987044305721264,0.000530150072049374,0.000569729055817303,0.00228829019310899,0.000867439394247125,0.000602885134324648
"109","dihydroferulic acid","[M-H]-",17.162,0.00258869142333792,0.00335654298228977,0.0141900643129929,0.0149383484103036,0.0234511078799843,0.0522435998221112,0.0628717770125572,0.0461215730198661,0.0846074199966819,0.0902729995906061,0.0590206416924438,0.000274705842805977,0.015571740291208,0.0150265161946632,0.0130044436411041,0.0718547646654889,0.0613306680978577,0.242304258191819,0.0132400145606279,0.0134623374711028,0.0285544084691629,0.000843913404008162,0.0225477307112224,0.0222949526075318,0.0225552683715433,0.00121150758612215,0.0020232907612877,0.000236712989269341
"110","N-Acetylhistidine","[M-H]-",2.037,0,0.138566226483262,0.0247760026523098,0.00835092818511404,0.0314045004342789,0.0467223334497912,0.112294827445609,0.0256884266800603,0.0207251359519391,0.029964354179291,0.0111158253335433,0,0.0297507911754158,0.0206320531430361,0.0278255366330184,0.00550194155257192,0.00631225150011124,0.0128796174414188,0.0204359075909695,0.0107344248801051,0.0167104702298371,0,0.0412384544398356,0.0517726734904372,0.037668446016847,0.0409038420432166,0.132441089263909,0.0955839398040723
"111","Syringic acid","[M-H]-",16.716,0.000165916323577545,0.00249959339144322,0.00405454577080617,0.00336974769418844,0.00417149554739472,0.00516029250648609,0.00288596498145612,0.00205866875124118,0.00238540865179211,0.00587228951787617,0.00339440730932436,0,0.0082040338813519,0.00525773184386813,0.00794364075996815,0.0128208132343245,0.0164021285762208,0.00563332543275755,0.00767282232074375,0.00626489654832962,0.0189120203195229,0,0.234883835790156,0.24405530813099,0.189150844318842,0.199854485698968,0.00360045899048868,0.00332532370788237
"112","Ala-Ile","[M-H]-",2.414,0.0487231330366564,0.0645904262739482,0.0570113461064733,0.0513047052203067,0.0607725416583104,0.004371297931324,0.00376521049161346,0.00540129553267083,0.0105992164900926,0.0114418879110999,0.00932094483532302,0.0611695616747948,0.0138474821392316,0.0136926526455586,0.0124207520048482,0.0576235264445785,0.044165996866834,0.0521762307959824,0.0414697272338403,0.0416384245788991,0.0212657228425564,0.05342453214774,0.0348494023686433,0.031350568787737,0.0293145425175106,0.0239111450692675,0.0684310466532037,0.0719466797409552
"113","Ala-Ile","[M-H]-",4.244,0.018252072969158,0.0342748925749911,0.0473235785708373,0.0293692623181505,0.051765736405113,0.00818714602959966,0.00538826737398086,0.00612862222424756,0.0114078634609467,0.0115900860891297,0.00934883683377294,0.0366159447787858,0.0172368469784762,0.0159059494481329,0.0177365225722031,0.0386200776293681,0.0310772762147665,0.0374559301814374,0.0368325891522484,0.0336473709415132,0.0212121275681373,0.0259578892183537,0.0235844409229039,0.194595263056408,0.133380599542329,0.0256623305515602,0.044949555621877,0.0324929207715723
"114","Isopentenyladenine","[M-H]-",19.794,0.000304207582265737,0.000471608070599706,6.39319870070052e-05,0.000255360034866847,0.00166121282573581,0.00456014212768426,0.00831158282609665,0.00873479616549583,0.0666284225652462,0.0468191855393147,0.0694980603193628,0.000197739173624588,0.209212177642625,0.0605832131129911,0.0940318400539983,0.00542674742832238,0.0126216572082325,0.00658094761694863,0.0828422140731029,0.0278807140628438,0.284029130232061,0.00036120582123524,0.000241464237779446,6.15264009531781e-05,0,0.00472233522973701,0.000608160455419892,0.00329041720644952
"115","Tryptophan","[M-H]-",6.402,0.00155978090203786,0.0391837690770946,0.0192102575364207,0.0176670289192434,0.0190867201681213,0.0578933071892348,0.000836997463801284,0.0590924792774645,0.0790759854601786,0.00302323068637584,0.0996115614721838,0.00134977998358199,0.106111784583398,0.0940610232930939,0.0977806485022872,0.00265720424100608,0.00571235757121971,0.00274144897730315,0.0216112343504938,0.0172227009652248,0.0419332234150467,0.00162082023845335,0.0311837216057883,0.0305786820032908,0.0275384559345939,0.0235961759148306,0.0513496352450647,0.0467099850231661
"116","TRYPTOPHAN","[M-H]-",14.904,0.00197265865925855,0.0037441282660685,0.00257389956818542,0.00122322943888751,0.00259257242711581,0.0321024167960669,0.0350852331133541,0.0204793480066377,0.0216889343129061,0.0483570461875995,0.0160862593032647,0.00154978441964314,0.0619024135015961,0.0408578500007356,0.0437491881707376,0.0267966842535239,0.0320792800550353,0.0303863370502592,0.233449214036105,0.231386334661139,0.0706184890978796,0.00246154805670866,0.0107487137418033,0.00792835758436831,0.00504142042488864,0.00396971149112649,0.0052954844751839,0.0058734628999214
"117","Tryptophan","[M-H]-",9.856,0.0283546580808817,0.0310380846298339,0.0609594337721691,0.0516501635155436,0.0691604907375609,0.0265558191154009,0.0304954501714969,0.023158822517642,0.0452141845073519,0.037016077532975,0.0403473548864594,0.0247627162435601,0.0491090740330564,0.0444126063932697,0.0570496304030007,0.0166579437071242,0.0164149791693759,0.0125718783748205,0.00949192386695967,0.00852481847926816,0.0189929435395484,0.0282292834627519,0.0741830962728748,0.0773428644265254,0.0505916084063927,0.0193534160527203,0.0313034199327779,0.0170572577686579
"118","Tryptophan","[M-H]-",7.76,0.0180192007339855,0.068877697713941,0.0375832162541744,0.0306982075613663,0.0403611391560288,0.0383769829344505,0.0367699260442744,0.0197666930767679,0.0292733123967665,0.0358399411922511,0.0492034623181242,0.0177354769623095,0.0476873002342278,0.0466356840407227,0.0492888994668216,0.0136244715809102,0.0141109225242341,0.01096830405821,0.00937647899419538,0.00978711811219426,0.0189562061182624,0.0230543860043432,0.0478898289455999,0.0505377355593233,0.0533172957584524,0.0395310046302271,0.0770357794604232,0.0656933281674124
"119","3,5-dihydroxydecanoic acid","[M-H]-",17.519,0.00029692957396777,0.00069223068160946,0.0549330601678051,0.0462716462748406,0.0193222019832572,0.0963304150988325,0.096891967728329,0.00169518473157639,0.0173068560240041,0.0458520245297224,0.00111185242672773,0.000327421119460793,0.0152907840755726,0.00960193287358859,0.0388622007200361,0.111636081952562,0.0542437334429093,0.313658179611175,0.0155982404926272,0.0316302595193516,0.0109885722043427,0.000988434266398825,0.00054993680264202,0.000453017247324911,0.0125429150353085,0.00194710297648303,9.72825499063111e-05,0.000879535889638029
"120","N-acetylphenylalanine","[M-H]-",6.436,0.0189943285004838,0.00196507691308811,0.0557813087490182,0.0616635957845558,0.0629911604942017,0.0156911092273924,0.0370370860076405,0.0133059882514316,0.0139533126173763,0.0166025964930496,0.0145849792771999,0.017117769819333,0.000991167592361851,0.000794019674847203,0.00131023684820536,0.0135083554043199,0.014698341069516,0.0181565368383027,0.00271887368065559,0.00190244608860411,0.00490065324645835,0.0226857892955709,0.163780649872745,0.17495705091211,0.108651188826995,0.132601007340263,0.00284531835630829,0.00581005281796608
"121","N-acetylphenylalanine","[M-H]-",9.576,0.00149453269593923,0.00239073105147628,0.0141998015058354,0.0164816008693443,0.0117349969065413,0.134367101257644,0.310615150977911,0.067421570140646,0.0893176746488923,0.135127600415746,0.0513174515326442,0.000172811443645648,0.0196396638379179,0.00973247524614184,0.0244795415019467,0.0269824948337197,0.0164921770544763,0.0147141905214317,0.00696482545983814,0.00606125094473711,0.0165506026785261,0.00160895876742904,0.00423371433025588,0.00411907693632289,0.00342800223228953,0.00459012472512233,0.00324595297898531,0.00251592450459428
"122","Mucic acid","[M-H]-",1.722,0.00938881420110475,0.016852108349642,0.02702929988768,0.0484080646523694,0.0265330699528839,5.57698942305637e-05,0.000118188753953336,0.000120359844726302,0.00282095930324269,0.0035433558346538,0.00357568473319499,0.00134699220815876,0.00303437074156658,0.0131572510869871,0.0110255113342811,0.000143563377362376,7.97197393198448e-06,0.000181014693196039,0.00396780408076865,0.00455209888504312,0.000684402442884199,0.00414542644463193,0.189912840882453,0.184366653809738,0.236340768979998,0.171270939576848,0.017112130392998,0.0203045836814711
"123","D-(+)-Pantothenic acid; LC-ESI-QTOF; MS2; CE","[M-H]-",3.351,0.00423144643919728,0.00323643988724512,0.0113496117492796,0.0137676179639181,0.0104871064133032,0.0680230737692688,0.0547281115433081,0.0815547561787663,0.0426644104018,0.0941568866231091,0.0565770067510514,0.00364208032422846,0.0637774470456088,0.0788636862156123,0.081686024202701,0.0731537236877332,0.0478444364182218,0.0493359351995575,0.0314982580407695,0.0272561685561741,0.0337609959789794,0.0034218387761408,0.0147682123283057,0.0153506734222503,0.0119773420984029,0.0111886972760349,0.00662711564418708,0.00507089706484516
"124","5-Hydroxytryptophan","[M-H]-",4.407,0.00666652386895818,0.0247814961040729,0.0070832986204585,0.00723626470047804,0.00709744991007874,0.0366613660818036,0.0400198470460339,0.0391937310998377,0.0578533352634885,0.0560896550824136,0.0691775606359358,0.00786117904250172,0.113376938761093,0.100752556771863,0.139191313817292,0.0118805858017193,0.00875733561281059,0.0092374332556077,0.0294793388143058,0.0236270922640406,0.0653651921995669,0.00635728790589492,0.0266332776991259,0.0160946416224448,0.0225705360569078,0.00831468107095418,0.0296087377660862,0.029031343124227
"125","5-Hydroxytryptophan","[M-H]-",6.514,0.0297055111403528,0.0419392303831551,0.00920654683731819,0.0225767659524209,0.00940518611475852,0.0253017076293265,0.0262200681915745,0.0258371081190581,0.03470072334837,0.0345264887770588,0.0498423602333185,0.0038211757617838,0.0485249016405302,0.0462319272174929,0.0201101502653527,0.00303563692268285,0.00191218981054868,0.00280507771356303,0.010817296995662,0.0085496765704023,0.0202031017392645,0.00432390479728094,0.147690873775102,0.152568017834342,0.0129207295195568,0.144445759828659,0.0354348026693607,0.0273430802117031
"126","5-Hydroxytryptophan","[M-H]-",5.09,0.00328627001338386,0.0198343806931965,0.000917795168674946,0.00985077026797664,0.00630659697462848,0.0240258344679221,0.0155071440995166,0.0277315388701966,0.0413792886010218,0.0102870724141754,0.00899703053904833,0.00491524346059119,0.0778334548057081,0.0751967773650461,0.109656869880228,0.00684604992330688,0.00395041825206945,0.00510604354403667,0.0182465519624138,0.017639943269686,0.0420914652826348,0.00577959779069163,0.0204452982834298,0.0119110012984495,0.0163489029914784,0.367648587338462,0.0250666434056265,0.0231934290363991
"127","Cystathionine","[M-H]-",1.696,0.0224117718903193,0.135421345940873,0.0467543526711893,0.0393031829933647,0.0358119331606393,0.0729759977419155,0.0982562988671788,0.0233269371668314,0.0154488164288875,0.0265158434456013,0.0203743255968676,0.0178304836950682,0.0112624373635993,0.023827638544927,0.0116426196717231,0.0312243591267983,0.0229766416442047,0.0259829099775264,0.0146509586342274,0.0114216222642248,0.00517416426527384,0.0184745021930129,0.0020040521156659,0.00196786892714437,0.00244728296951128,0.00196986560528469,0.138299943081996,0.122241844016144
"128","Cystathionine","[M-H]-",1.874,0.0282259648060823,0.170728800296484,0.00151424645760193,0.00142684381476768,0.0454016298641283,0.00527671642085312,0.123864411737984,0.0293799701011292,0.0194458158232753,0.03340111778402,0.00581104350576117,0.0224490510931791,0.00201024746364484,0.0300113446259164,0.019031422588914,0.0162851598811612,0.0289382543823214,0.0327290992319065,0.00257759865335187,0.0131961871612831,0.00721176377494159,0.0232611456686735,0.00249223420657823,0.00157083637175524,0.00223856538706142,0.00305216529690122,0.174358654300367,0.154109709299956
"129","Sinapic acid","[M-H]-",19.584,5.7048288663683e-05,0.0337329106535569,0.0139039996220893,0.0135906450451643,0.00370539869163778,0.000161609417165419,9.09155724236793e-05,4.58687969370823e-05,0.000223425430241917,8.87783166524174e-05,9.8258964048015e-05,8.71342737514467e-05,0.014323449767557,0.0177578005862547,0.0229885970828432,0.00817089321782434,0.00829282639964633,0.00615502261408411,0.00836773995450056,0.00672720434505194,0.00712588474853734,0.000187859302150918,0.199311047381919,0.185973036929204,0.195660395318884,0.132783042946949,0.0656362207640536,0.0547529855682078
"130","(E)-5-(2,3-dimethyl-4,5,6,7-tetrahydro-1H-tricyclo[2.2.1.02,6]heptan-3-yl)-2-methylpent-2-enoic acid","[M-H]-",23.876,0.0199166068610247,0.048348339764179,0.0279207393318076,0.0502165019049689,0.0202540649918051,0.0482425995103063,0.0299075430493111,0.0444802196159301,0.0517656725143388,0.0625653445677715,0.0481249698020507,0.0205568666278952,0.0294817993955604,0.0307329747440163,0.0514110126197704,0.0261322618320941,0.0495643526837155,0.0360247938128291,0.0387019447858798,0.00775192425759844,0.0158600262124524,0.0320084349354668,0.0476549569032575,0.0285076230375127,0.0240614730325672,0.0186439293078339,0.0575191565671654,0.0336438673308909
"131","Gly-Tyr","[M-H]-",2.844,0.0240948471727594,0.0282156664122142,0.0398795097665442,0.0353095602813047,0.04031658308092,0.0093672271401526,0.0102436927034305,0.0104597203651485,0.0250151318118487,0.0263126616365653,0.0250784307017457,0.0267505639604834,0.0259657822682079,0.029440302612169,0.0209311328211009,0.0901682944765673,0.070221874089152,0.0797987279440722,0.0550402509919987,0.0498768968583575,0.0221161790400066,0.026323541909269,0.0895904786458507,0.00530832001426355,0.00241540907924756,0.0717181140628881,0.02853297650012,0.0315081236536116
"132","Uridine","[M-H]-",2.827,0.00339748534929919,0.00298700397282992,0.0641702626505809,0.0290815371769899,0.0489025798242135,0.0363335041811913,0.033507210420359,0.0364549332954859,0.00609148556709771,0.00211938201213909,0.00286778630150014,0.00266268926999354,0.00263814449188979,0.200916058531771,0.25900094009336,0.0413820058331224,0.0343905985514787,0.0308251492582521,0.00310788084827395,0.0715328801612403,0.0208160327774156,0.00230568924113159,0.0115200792895586,0.0128945806444624,0.0117799076687736,0.0111083578632379,0.00946669479519299,0.00773913992915932
"133","Uridine; LC-ESI-QTOF; MS2; CE","[M-H]-",2.287,0.0110848235311172,0.00786410853950935,0.0820049400910528,0.0758936729362884,0.0797238465575877,0.0549599039528241,0.0576245580178885,0.0448108882305722,0.0521938773584709,0.0534905908586906,0.0726089106810361,0.0117984476921981,0.0414672392625184,0.0393647722114782,0.0463547636791323,0.017128798513719,0.0167495630571962,0.0124710034798469,0.012180694388555,0.0111042731424318,0.0163742448577635,0.0149013429653505,0.0334701357666197,0.0386151851172694,0.0360600996208078,0.0424933622221895,0.00934605517353224,0.0078598980943534
"134","Isoleucylisoleucine; PlaSMA ID-377","[M-H]-",4.766,0.0459526651076081,0.0755075947324059,0.0771918555263589,0.0732399841280688,0.0852210182229511,0.00318390908694882,0.00304163392827678,0.00441818420886415,0.00457724760441591,0.00490548346612631,0.00439405981967513,0.0530206080451676,0.0261643406123027,0.0186717859310112,0.0313049488530014,0.040840172359976,0.0283342596366624,0.0354778281678461,0.030961750738369,0.0283594181172705,0.0283478696604436,0.0511281051141254,0.0236325350395146,0.0234012008787728,0.020889013415293,0.0173053553639744,0.079307612322718,0.0812195599118514
"135","Isoleucylisoleucine; PlaSMA ID-377","[M-H]-",5.409,0.120931400263959,0.00392274030023734,0.0758544321733364,0.0872539400620004,0.0898345304889286,0.00224918296634908,0.00165462745252883,0.00243024113585491,0.00344726295576084,0.00342607984895299,0.00269832795311619,0.131814356809168,0.0158167631386631,0.0136975807445312,0.0167546915008756,0.0515887953062009,0.0339748068218612,0.0452046549608019,0.0404205581657291,0.0375023167790211,0.0178665748681169,0.129079888423885,0.0174178050251967,0.0182457290689224,0.0151022069512659,0.0135456784335273,0.00421448456728683,0.00405034283392166
"136","Isoleucylisoleucine; PlaSMA ID-377","[M-H]-",12.944,0.022219939602797,0.0246280275129712,0.138155994211519,0.0633132115140161,0.151161709678926,0.00964550315659056,0.00346066268221085,0.0122694573276392,0.00837434112039124,0.0022121756734143,0.00207317775543532,0.0916912350588576,0.0128188732416083,0.0105912785495601,0.0088339639258454,0.0839313871810814,0.0644424278786741,0.0637685260642638,0.0187726551867538,0.0171874440210261,0.0184533908009228,0.029070065381174,0.0127125273630893,0.0107921792923487,0.0568134149090119,0.0103663422777246,0.0271968813674311,0.025043207264716
"137","Isoleucylisoleucine; PlaSMA ID-377","[M-H]-",4.022,0.00666903687011106,0.120701524096677,0.0665247932095598,0.0574016676603413,0.0747292674133329,0.0108237321730926,0.0152800356966755,0.0146239599771386,0.0124459475285247,0.012091185626784,0.010763348853448,0.00921894527739228,0.0557497055100852,0.0570222346172014,0.0641478007992138,0.0200422516844028,0.0125989205303769,0.0156843234171407,0.00752552636757328,0.00554457374087707,0.0228208104525756,0.00769217885166431,0.0204112949171548,0.0193793357579193,0.0169871089340632,0.0144557236804884,0.117238766687843,0.131425999668342
"138","Isoleucylisoleucine; PlaSMA ID-377","[M-H]-",4.576,0.00460931042760994,0.0192719928445726,0.0204413154036218,0.0136652788227264,0.0198456276471638,0.00766834042444794,0.00877036841509763,0.00888908005559979,0.0106247171273962,0.00974572403299877,0.00862674091045546,0.152912213014368,0.0329359509622411,0.0319002037827165,0.0902831729438942,0.00362037776261166,0.0032387686638345,0.00335262638141321,0.00323397198252474,0.00258766189984695,0.0135558784847184,0.147454140530689,0.00893418893595581,0.0674883710820441,0.00892005440531662,0.0499076497403013,0.228725239442106,0.0187910338737279
"139","Isoleucylisoleucine; PlaSMA ID-377","[M-H]-",12.426,0.0323196905131693,0.0210263412848365,0.207545418940971,0.19884714062116,0.226014733717047,0.00257467320565132,0.00146702426165851,0.00120218961288582,0.00119903602066583,0.00174246034810693,0.00066856155063874,0.00923620063529451,0.00351753018172273,0.00314493661581577,0.00380148767693581,0.00768309001580084,0.00456217437902247,0.00684678419814114,0.00590251817022675,0.00517041509124047,0.00335870990970729,0.0272852153759226,0.0484911101241784,0.0507209011168346,0.0422640403461195,0.0405626437945793,0.0240240655319147,0.0188209067597518
"140","N-Acetyltryptophan","[M-H]-",14.018,0.0224094661549218,0.0147470314935006,0.0148683506589598,0.0128869595286483,0.0157040790367584,0.00103598650120533,0.00243849193990161,0.000567126348322227,0.00122925887612114,0.00122693029329083,0.00168309966974874,0.0282418675700016,0.00273759840445504,0.000555367005029157,0.000753762262171648,0.00242952689600491,0.00155805477176104,0.00173688993312892,0.00210713460314836,0.00258309693366391,0.000337993797819631,0.0324260980577873,0.193224056822078,0.210664094358833,0.206610380938687,0.189584132570878,0.0197980769398696,0.0158550876333041
"141","N-Acetyltryptophan","[M-H]-",16.411,0.00399172813379976,0.0010359471558937,0.0803520452837261,0.0549387255142632,0.145687976924961,0.0275381687259828,0.0806459961659435,0.0306799572771746,0.0412530008800992,0.0423857393071597,0.0209844177275598,0.00122952969822726,0.0951443466462947,0.0275190208875563,0.0499482938223883,0.0164622313446047,0.0179837480441851,0.0137346112399635,0.0784023324171362,0.0545820707215944,0.0341751041067274,0.00132428694992749,0.0181266203770595,0.0183714040990683,0.0220218377941017,0.0205332160989975,0.000675645155905488,0.000271997499699105
"142","Atractylenolide III","[M-H]-",21.566,0.0260975974217415,0.0248809615159384,0.0698086499279105,0.0338507485592204,0.0408365608681429,0.0278543994765941,0.0383921828366497,0.0553735930438716,0.033672039384675,0.0260935587963281,0.0380832279925205,0.0350704134340836,0.0282946096466607,0.016129260244983,0.0602643684195647,0.0637577794022027,0.0470247446579082,0.0460554745586792,0.0482454191891248,0.0320586085320001,0.0409637775686667,0.024788073131429,0.0285349078587612,0.0168037106890299,0.0362597886183459,0.0103671514363371,0.0252929013081108,0.0251454914805197
"143","2-[(2S,4aR,8aS)-2-hydroxy-4a-methyl-8-methylidene-3,4,5,6,7,8a-hexahydro-1H-naphthalen-2-yl]prop-2-enoic acid","[M-H]-",23.501,0.0346270241622983,0.0272974820382619,0.0264847893834513,0.0352211385351283,0.0327501188083414,0.0301625433753389,0.0327522503341409,0.028109787142927,0.0342556542355113,0.0465064049928085,0.0340198299720625,0.0361055279668296,0.0294182533211836,0.0279091330551692,0.0295214385473845,0.0542915123127103,0.0615034329676313,0.0647076975694308,0.0417799403075889,0.0382518775593448,0.0211476425566877,0.0340792220318382,0.025576662505347,0.0388175069964912,0.0227726403161634,0.0380994734646838,0.0408193003847888,0.0330117151564564
"144","9-(2,3-dihydroxypropoxy)-9-oxononanoic acid","[M-H]-",18.544,0.0175558160403404,0.0438857923487816,0.143364585741745,0.134653464585377,0.15726701618779,0.0303122031227808,0.00540771794763871,0.0312333813622175,0.0164514784305337,0.00342121715840057,0,0.0312187747387673,0.0335018284225289,0.0344668265323165,0.0237294207570498,0.0167341934712621,0.0230554019617848,0.017850062625898,0.0151295790082833,0.0139529770508804,0.0187831567949916,0.0249048695599697,0.00947643134819711,0.00823852001078584,0.0297854037165016,0.00958059963648727,0.0501629887765396,0.0558762926621513
"145","zinniol","[M-H]-",21.756,0,0.00237783101705413,0.00865730878995952,0.0271420437318428,0.0648452847030962,0.0564168134210141,0.0331693978464304,0.0642318825814658,0.0875142741723674,0.0620203611572755,0.0394916578769767,0,0.0293496971283646,0.0214608546982659,0.0603750768721759,0.0251008792923712,0.0061864969384444,0.0534031753559348,0.0666659403716864,0.0584517313077387,0,0,0.0311530012615463,0.010435299177552,0.0504551221954782,0.0452432044622191,0.0685289337866734,0.0273237318540665
"146","Adenosine; LC-ESI-QTOF; MS2; CE","[M-H]-",11.047,0.00278666916377862,0.00291849620447795,0.0531441174542771,0.0224803893000244,0.0464250663405509,0.127371868298628,0.0546413306054893,0.0280840942441502,0.0221158543359495,0.00588279990778852,0.000218514241434801,0.00193668858689018,0.0128214158936567,0.257673352541574,0.220933301692403,0.0251380715151444,0.0132208928015732,0.00320955480167719,0.00253843224072485,0.00484148592259915,0.0475766796043365,0.00238106131731603,0.00667833070099504,0.00742243142651994,0.00682172145773587,0.00635078471607519,0.00746593431605941,0.00692066036816947
"147","Inosine; LC-ESI-QTOF; MS2; CE","[M-H]-",4.036,0.000167114243986192,0.000423250347035293,0.000839416544070473,0.00044475289941869,0.000877728060781882,0.0156927198770672,0.00236319240727514,0.000752299631491854,0.000256550856167672,2.1908968755866e-05,0.000109027965521011,1.84867344810247e-05,0.000569297633621914,0.00780101220811215,0.00732716614898426,0.121799683393309,0.109329180494419,0.128694518394567,0.0847025825707547,0.299314049404454,0.214070820512243,5.76360941756772e-05,0.000689969949260792,0.000263407829836508,7.04871882917987e-06,2.71152666965199e-06,0.00209223773802986,0.00131222884668173
"148","Genistein","[M-H]-",21.687,NA,NA,NA,NA,NA,NA,NA,NA,NA,NA,NA,NA,NA,NA,NA,NA,NA,NA,NA,NA,NA,NA,NA,NA,NA,NA,NA,NA
"149","isoimperatorin","[M-H]-",20.381,0.0530047656405792,0.0442914408330975,0.0375345978084281,0.0310813309477115,0.0641114279754299,0.00963553499994351,0,0,0.0050958542885851,0,0.00067530770268715,0.0594125649669065,0.00660372306542301,0.00692851741209082,0,0.0898929896318406,0.077647250743532,0.106109284296,0.0513248550619006,0.0496961069411105,0.031820660612963,0.0751414844038549,0.00957270713424193,0.0309159026054183,0.0190350980890868,0.0174881915301975,0.0515690937971353,0.0714113095118357
"150","gamma-Glutamylglutamine","[M-H]-",1.791,0.0137362403140096,0.0534457569237229,0.0300758493253839,0.027719720001736,0.0258237289732683,0.0220018208163326,0.0218499207570299,0.0238855015650305,0.0469704190571924,0.0436289148152702,0.0444805402073967,0.00996988288866062,0.0672352487037445,0.0690480740487093,0.0679981414567,0.0402476160492658,0.0332243162603556,0.0377026380032417,0.0469183558421234,0.0459955423359998,0.0368022527336678,0.010155933280066,0.0123353162171924,0.0139245543234615,0.0154688171315367,0.0133931506779729,0.0602372051886284,0.0657245421023005
"151","L-Saccharopine; LC-ESI-QTOF; MS2; CE","[M-H]-",1.712,0,0.000611886512403598,0.000631565925890228,0.00214040054154881,0.00161478625863296,0.0418813901285299,0.028023808816101,0.0155817980704932,0.0179922192646826,0.0351741889860462,0.0153344752509121,0.000449045334428014,0.208255687900464,0.0785418352697007,0.163416826399896,0.0266654347422037,0.0912623080108225,0.0487305593102478,0.0715433481118225,0.0614649133707614,0.0622397092740123,0.00111255193749368,0.002279128469377,0.000879997204636518,0.00173509671110104,0.00186632122304178,0.0200737350447329,0.000496981930018062
"152","Asp-Phe","[M-H]-",3.489,0.0470907339855562,0.0366320321667691,0.0358883934233214,0.032932415534567,0.034632917471461,0.00995724592260079,0.00370646883569929,0.00727179123648675,0.0208848623888095,0.0171464972176157,0.0135618901186201,0.0479008435814904,0.0454664930428772,0.0283934890666913,0.042094053452687,0.107958141080134,0.0743975173203775,0.0917151494399748,0.0509012040432228,0.044397298497722,0.0291990126127032,0.0417991758169634,0.0121063656531589,0.0164318258285597,0.0124090180766413,0.0162887267395794,0.0372513370059771,0.0415851004397332
"153","Asp-Phe","[M-H]-",3.344,0.0102330924372695,0.101158661314322,0.0722214517288104,0.0560012668247378,0.0737961028072204,0.0332750503918769,0.0273118766130119,0.0194868296209526,0.0346402459899776,0.0167509472678514,0.0374509020696937,0.011039080489452,0.0115012033919816,0.0112590730546235,0.0153391757758652,0.0197108045116236,0.0235402680758064,0.0218830270294283,0.00951051060610771,0.0085654379807344,0.0103214209115474,0.0136234860639261,0.0363596459430653,0.0354680749950549,0.0342672678147785,0.0375797711122553,0.102868859869361,0.114836465308664
"154","Asp-Phe","[M-H]-",3.041,0.0231635838592094,0.0223768249884677,0.102921830194444,0.09936074581713,0.098767257704097,0.0131381707297023,0.0116027222247299,0.0178972554725755,0.0463200312413969,0.037653134635493,0.00128489652391626,0.0255434288005782,0.0421552500254853,0.0412634375901625,0.0444858812049354,0.0281874084644695,0.017512725204506,0.0404345308081207,0.041344062444938,0.0422829923221186,0.028016049548377,0.0270663972990627,0.00199667262641685,0.00230202909126912,0.0406993172197279,0.0340720982992535,0.0331310030807542,0.0350202625786623
"155","2'-O-Methylinosine","[M-H]-",7.117,0.000382478989826518,0.0267148042093115,0.00327047622208803,0.0026056062023896,0.00246594264602438,0.0403461715717001,0.0279081999359131,0.00123705654586748,0.0523092360505597,0.0935020700590187,0.0593475643773674,1.78728499918934e-05,0.00148574448718325,0.000765979285366859,0.0204656898728602,0.138171939370186,0.0789510169013329,0.150500120641737,0.0658499625308466,0.106122344764723,0.0722663156779363,3.089449784313e-05,0.000507844266198228,0.000849981680328758,9.52367578139462e-05,0.000848449721758025,0.0278170484009544,0.0251639514828721
"156","9-hydroxy-10,12-octadecadienoic acid","[M-H]-",23.468,0.000128220170543365,0.285250936659637,0.0122677345558428,0.011896824465633,0.00475880004388091,0,0.000149849483069467,0.000628354111692164,0.00127106085304202,0.0039409008894716,0.000881733227572184,0.000294379460042028,0.000127266674167505,0.000450752865683174,0.000359919789877502,0.00108487813965028,0.000475041931257729,0.000230796306978058,0,0.000222114471555748,0.000493007810339735,0,0.000404934855622081,0.000408799025145305,0.000594329346279874,0,0.347440780598376,0.32623858426464
"157","5'-S-Methylthioadenosine; LC-ESI-QTOF; MS2; CE","[M-H]-",17.106,NA,NA,NA,NA,NA,NA,NA,NA,NA,NA,NA,NA,NA,NA,NA,NA,NA,NA,NA,NA,NA,NA,NA,NA,NA,NA,NA,NA
"158","FA 18:1+1O; PlaSMA ID-585","[M-H]-",23.624,0.012053418912293,0.0415558575618182,0.0379182227553273,0.0329898870594957,0.0334132155675968,0.0355738782588067,0.0197057415808329,0.024804477860036,0.0626917110975051,0.0516150049407816,0.0400884913617763,0.0282358778428289,0.0439247597894718,0.0639337141730685,0.0454477567682026,0.0267203985368938,0.0295939871982385,0.0262746840698008,0.0281935282860792,0.025922355804771,0.0156681665816056,0.0383473983422696,0.0266582524417819,0.0400598406754545,0.0379596534854019,0.0437287155888969,0.0472697900648107,0.0396512133941541
"159","Indole-3-acetyl-L-glutamic acid","[M-H]-",16.18,0.000249130683983515,0.000276049180362069,0.336069284441089,0.302387313958701,0.328353030157936,6.96516093795078e-05,0.0157719508056403,5.39042889980539e-05,0.000110231242670178,0.000154579465453845,6.99880905842397e-05,0.00031864770088113,0.000467843467059264,0.000158078869983057,0.00032497354753009,0.000206935940910132,0.000162924199331196,0.000530025193693723,0.000103165137370807,0.000166221715137569,0.000247111796755123,0.000282442323251975,0.000137284331530624,0.0080685501045077,9.87908817092922e-05,8.13611553041787e-05,0.00269158045289159,0.0023889492573557
"160","Gly-Tyr-Ala","[M-H]-",4.854,0.00121273698059752,0.0201054663890404,0.0266403754323129,0.0288527008005867,0.0307047381652733,0.00076899243380653,0.00849017662690462,0.00128078168829679,0.000576926068698111,0.00695161018059327,0.260423962147369,0.00265825083518336,0.212080378247154,0.000565730678756137,0.00077960624505022,0.00092936275985845,0.00070530956634439,0.000833256879966955,0.000484745845020036,0.000278721591152792,0.000370174841458012,0.00215082342093023,0.100121535408474,0.0956752208654153,0.0941125189031251,0.0674426283518743,0.0166141040685646,0.0181891645781933
"161","gamma-Glutamyltyrosine","[M-H]-",2.932,0.101231438440154,0.089249868421037,0.0457532429837573,0.0322778345697285,0.0429849432309225,0.0125805252813762,0.0108766553240161,0.0144166633354735,0.0256762764514881,0.0255961424263814,0.0244540768107014,0.0565793354915372,0.031284354401292,0.0414951256694471,0.0399407772263738,0.00415446308514915,0.00404932269759776,0.00401197423040253,0.0257877960751566,0.0219548811369456,0.0225751501595139,0.0469363861389125,0.0606050620056128,0.0578618324379756,0.0026251118869844,0.0464056847521739,0.0104767449931605,0.0981583303367285
"162","gamma-Glutamyltyrosine","[M-H]-",3.077,0.0525667793577032,0.01010600965265,0.0140372549604842,0.0143040104333408,0.0154640729119544,0.00162101155718618,0.00344795055537559,0.00181187870117517,0.00433377150192629,0.0070063098417998,0.00459768093440225,0.109729640272415,0.0285226609397523,0.0316567838522577,0.0341143762086398,0.0716712146148698,0.0417605647147378,0.0645915857862127,0.0370516905637974,0.0339058581411362,0.0193957895192106,0.110576291676035,0.00257331308801292,0.091937737417844,0.0819419054074938,0.00207534420000201,0.0970569522113576,0.0121415609782274
"163","5-hydroxy-2,2-dimethyl-10-(2-methylbut-3-en-2-yl)pyrano[3,2-g]chromen-8-one","[M-H]-",21.614,0.0340197005201113,0.0487389913220215,0.0337891776103254,0.0355292225671289,0.0138091283203359,0.0364558279415691,0.0315761576763807,0.0422379228563949,0.0398179159181389,0.039276267682558,0.0334135703517232,0.0399668691829236,0.038973847417692,0.0385256979846817,0.0246891648429027,0.0517070946891391,0.0416543613644893,0.0440950025212436,0.057392789114418,0.0396264045777014,0.0584261120876542,0.00919318916032917,0.0293786134063097,0.024140746004377,0.0152886662685982,0.0119201300987476,0.0409153984145182,0.045442030097587
"164","FA 18:1+2O; PlaSMA ID-662","[M-H]-",22.507,0.000292364391554798,0.486071401592127,0.00600067031869264,0.00554652309908533,0.055915981462625,0.000403602798220527,0.00039121585551447,0.000311402451280364,0.000186332975583241,0.000355458474106835,0.000578220044741881,0.000139510738950491,0.000813795694038366,0.00114443960311829,0.000728917677761882,0.000230307639180115,0.000225812541744912,0.00040057216691806,0.000436329548325694,5.55480140069677e-05,0.000436512606592286,0.000323809733793821,0.000286852303749639,0.000355092357573651,0.00192632213934745,0.000484331493787592,0.0215803119125736,0.414378360365005
"165","Thymidine-5'-monophosphate; LC-ESI-QTOF; MS2; CE","[M-H]-",2.893,NA,NA,NA,NA,NA,NA,NA,NA,NA,NA,NA,NA,NA,NA,NA,NA,NA,NA,NA,NA,NA,NA,NA,NA,NA,NA,NA,NA
"166","Cytidine-5'-monophosphate","[M-H]-",1.941,0.000555838349417962,0.000427983421062233,0.00621729575324391,0.0020056907442272,0.00535320431405475,0.00109682423159642,0.00129104817529078,0.00212287794422002,0.0039759399971062,0.00106300167368876,0.00311813292195603,0.000680345668065518,0.00370940550699809,0.00313283029809283,0.00359348533782682,0.166319090877796,0.155184219043868,0.186482057960183,0.144488400145087,0.134830727530114,0.169431255059711,0.000551945653436527,0.000111986659741755,0.000131469185924698,0.000111330016710404,0.000109633084235739,0.00218657776005414,0.00171740268629181
"167","Cytidine-3'-monophosphate; LC-ESI-QTOF; MS2; CE","[M-H]-",2.077,0.000882843996449136,0.00280854894926381,0.00262473277800813,0.00249366064912134,0.00251755349575733,0.0319705447211922,0.072730590088329,0.0699588354890457,0.00631502802993495,0.00972506275498809,0.016454284359134,0.00108060030257137,0.110476848019601,0.0778741872562485,0.0967766845725637,0.00312039194144846,0.00260586166436218,0.00259369627850417,0.229492471611942,0.214153086884839,0.0333079189371347,0.000876661185779794,0.00108716629768574,0.00152104777343857,0.000176826656491554,0.000174131400489145,0.00347296484716176,0.00272776905851497
"168","Uridine 5'-monophosphate; LC-ESI-QTOF; MS2; CE","[M-H]-",2.429,0.00076514806994477,0.00226754513444476,0.0107299496873837,0.00868183520251037,0.00881224959206992,0.0722396076906949,0.12562273881334,0.14587432842473,0.0352784901822949,0.0184896855031084,0.0312395498814144,0.00334639496282669,0.160196851035925,0.123329793063648,0.154635436843585,0.00664738023426865,0.00711444727041708,0.00528253041342726,0.00379653261371722,0.00461001792372961,0.0581613838466284,0.00150014226959482,0.00186346021344381,0.00198600599874813,0.00178821401087858,0.00180422103406668,0.00188776730664917,0.00204829277651052
"169","[5-acetyloxy-3-(hydroxymethyl)-2-oxo-6-propan-2-ylcyclohex-3-en-1-yl] 3-methylbutanoate","[M-H]-",20.275,0.0514928952922067,0.056922862253933,0.0466950151945194,0.0616172164257706,0.0477588887617142,0.015528567368371,0.0141126413514699,0.0119086965635823,0.000760368989548383,0,0.012879975513868,0.051956511394925,0.013477982414739,0.0110123292304487,0.0136220184854864,0.0620850121466133,0.0519240389771896,0.0667655414277318,0.0558387336142894,0.0516645811443923,0.0424022258717076,0.0443078102273326,0.0309809370832438,0.035012018009653,0.00798564269023371,0.0341461940397359,0.0521378425197053,0.0550034530075889
"170","FA 18:1+3O; PlaSMA ID-738","[M-H]-",20.873,0.000155253605456782,0.391804563403554,0.0169823539271676,0.000466977336080208,0.0177114518614602,4.06924223801164e-05,7.46826523214259e-05,3.73548190590034e-05,0.000303212410381843,0.000407200558358152,0.000394066031446346,0.000344240536071424,0.000377765530879681,0.000486361773480127,0.000472689689500431,0.00168312248308603,0.00145511193175182,0.00205423007823329,0.000445585155414678,0.00035605923554195,0.000275448343427655,0.000180360111163693,0.000855189608532247,0.00137538509433352,0.0019754833649468,0.00133316959359438,0.332324067059886,0.22562792138249
"171","FA 18:1+3O; PlaSMA ID-738","[M-H]-",21.748,0.000177794054236047,0.190895290524935,0.1914940902674,0.101588923607624,0.189119565024779,0.000195514391867546,0.000734803333786186,1.21088973815248e-05,0.000313502306597282,0.000877452051719759,0.000352487049386581,0.000169819902301872,0.000740562443516424,0.00104372788649533,0.000973141874929857,0.00205555916525396,0.00210443776322085,0.00078530629603596,0.00225712800581227,0.00083019781803576,0.0014769901415855,0.000828721123233135,0.00208627441714856,0.00225077821816098,0.000538993602958115,0.00069832897216135,0.154199277010225,0.151199223849212
"172","FA 18:1+3O; PlaSMA ID-738","[M-H]-",21.491,0.000645727749466816,0.825422700946605,0.0149940710306912,0.0247454044623866,0.0147589324657248,7.04677081527765e-06,0,0,0.000145906084671004,0.000281172144286645,0,8.00097944125575e-05,0.000980539194548506,5.93086574849572e-05,0.000619556881084864,0.000387931720264279,0.000177925972454872,0.000829941916841836,0.000835731048673084,0.000101669132470847,0.000314988659190555,6.89505563625184e-05,0.0017720931785921,0.00250986812417576,0.000858807725903852,0.000634528773751885,0.062076161938147,0.0466910250709932
"173","2'-Deoxyinosine 5'-monophosphate; LC-ESI-QTOF; MS2; CE","[M-H]-",2.839,0.0041065942932052,0.000318822991793556,0.00356784621953104,0.003167312792426,0.00131861807855658,0.114700907016912,0.0079520819424196,0.0241499869166954,0.00166006761919257,0.00389453255865583,0.00386059273539218,0.00399958439256714,0.00272988690175506,0.00175874796613589,0.000744407240831298,0.165081528770232,0.200300715536635,0.260560871741252,0.0400072815217896,0.0473382833467388,0.0932789110960937,0.0042894404289745,0.00275919574180783,0.00196123693002115,0.00332843371165565,0.00225006731242879,0.000314502812825014,0.000599541383476086
"174","alpha-D-Glucose-1,6-diphosphate; LC-ESI-QTOF; MS2; CE","[M-H]-",1.557,0.00567679549498532,0.00106877633071509,0.405440730302358,0.217537001105249,0.246167284217023,0.000595865170327993,0.000144660281576792,0.000206128249798015,0.00205880642869279,0.00158500966688175,0.00389422441656985,0.00281205562350488,0.00084305640859958,0.000150136551606498,0.000645187747592244,0.00123792620268875,0.00107812032941264,0.00259013113606342,0.000567037940303632,0.000290170017580634,0.00151354705401885,0.00558174696664794,0.0127716196046925,0.0118954886939333,0.0210135144403909,0.0387030594872393,0.00938213377927642,0.00454978635227117
"175","Galactinol; LC-ESI-QTOF; MS2; CE","[M-H]-",1.873,0.0123256882594816,0.0344104099632731,0.0267052488716573,0.0181571508326811,0.0202717411423519,0.000201936185301802,0.0588428223617651,0.0607967878986514,0.00912726446062834,0.00578979011753046,0.0189634732538934,0.0106958933922955,0.00103082950417538,0.00144028046652921,0.00125079551939254,0.013814005042285,0.0119819485759037,0.0134367063977585,0.00233522615494566,0.00305741174517021,0.000636700073042545,0.0092891310318319,0.157301013330598,0.157066400364785,0.143313138457486,0.135642734420014,0.0377081367807686,0.0344073353958025
"176","Sucrose","[M-H]-",1.787,0.0138773299931088,0.0387434481333122,0.00848368605798576,0.0204432192635386,0.0228241255372806,0.0553239320795561,0.0662529300864751,0.0684529821647297,0.0102760899543416,0.00651828705247743,0.0213510916313175,0.012042275322495,0.00115997290102734,0.00162099098126704,0.00140764190019252,0.0155530885309617,0.013490299008704,0.0151282720992779,0.00262864801746184,0.003441787184282,0.000716205977969491,0.0104583423429604,0.177111153311511,0.176846992693896,0.00192553873376241,0.152725185069422,0.0424564976223571,0.038739986348329
"177","Tyr-Tyr","[M-H]-",12.578,0.000446956974387894,0.236778362015009,0.0076176341180772,0.0189658484591216,0.00900149656997317,0.000622021577874313,0.000313334655355118,0.000503504390558286,0.000535263898270424,0.00206591724556761,0.000261822283090309,0.000989192471912201,0.00276036599346839,0.00070451883571194,0.00312947344285458,0.000764164740439614,0.000620472333595672,0.000391958802496142,0.000956271030991082,0.00615011247513463,0.00157945454207438,0.00134784252241756,0.0775431619456029,0.0738730022495027,0.0732227069635432,0.0633609925078547,0.224188041073564,0.191306105881551
"178","Adenosine 3'-monophosphate; LC-ESI-QTOF; MS2; CE","[M-H]-",6.585,0.000108830026370971,0.00102268655590864,0.00298403059451321,0.00324595209760232,0.00473340660241217,0.0893714520332191,0.176352924460834,0.173155548270618,0.069520506048693,0.0701896056306687,0.0974350717922183,6.15168868984531e-05,0.0410514106037171,0.0267513101593785,0.190849026574905,0.00584778015361768,0.00547589739456803,0.00476236894983229,0.00344018637057712,0.00333623522023728,0.016262826831152,0.000152345295678076,0.00337950415413693,0.00415253097039354,0.00151372868720105,0.00364745011248213,0.000594486261181956,0.00060138126098478
"179","Adenosine 3'-monophosphate; LC-ESI-QTOF; MS2; CE","[M-H]-",7.166,6.81391361192197e-05,6.61955931531125e-05,0.00604681447304528,0.00755490238866584,0.0105215082799124,0.134326722094611,0.0010500916044706,0.19095687385615,0.124819145651517,0.000573161511561951,0.0570902067479603,2.73576287753877e-06,0.208416115060024,0.150805052503374,0.0457744993774604,0.00156568970454413,0.00466487318678201,0.000621955679117251,0.000770706617781344,0.000928193905434129,0.0450159282529244,2.72753914143395e-06,0.00187322179867484,0.00204748824922684,0.00345095927661254,6.00086023569151e-05,0.000417952198810202,0.000508130947690355
"180","Adenosine-3-monophosphate","[M-H]-",3.441,0.0407432198272413,0.0100131223647569,0.100493961435385,0.0556259277738598,0.0918353577538104,0.000681802108090453,0.020158196671472,5.94189018912692e-05,0.0416339287047217,0.0164027805263565,0.0516027303635682,0.0593913428444387,0.126158051593294,0.000146826326540444,0.16036813805442,0.0178279691709356,0.017119515359523,0.0166755098381321,0.0035377081436935,0.00289821243892459,0.00187641057134066,0.0329041469493865,0.0316222278447947,0.0315098987184463,0.0276995882910683,0.0230012547229952,0.0108327620496972,0.00717999065121641
"181","Adenosine-3-monophosphate","[M-H]-",3.789,0.0268524751389177,0.00659708720351806,0.0662364846487568,0.0366622397631931,0.0605292662852852,0.0111177287221323,3.46758068430689e-05,0.0100041516872657,0.0274395755824778,6.6449005041576e-05,9.45500843367295e-05,0.0391441695092827,0.0831526725258746,0.0673713607706828,0.105701854916839,0.153494482443986,0.0464645166140694,0.0148331515162669,0.0831805503275817,0.0343709970514919,0.0298132276596659,0.0216854410158186,0.0208404788806673,0.0207664384376323,0.0182549164369273,0.0151580642649675,6.90286586034325e-05,6.39650418745953e-05
"182","Inosine-5-monophosphate","[M-H]-",2.649,7.92528348965495e-06,0.000204656369339078,0.000173063732311129,1.77896018684876e-05,6.2177643586944e-05,0.000227025654470929,9.55579761956466e-05,7.80270977772214e-05,2.30987183426724e-05,6.94936750812906e-06,6.71212088639437e-05,5.72385294660744e-05,9.86737854867212e-05,8.52541061489658e-05,9.17539068879541e-05,0.179032023278594,0.161751499580312,0.195739920206995,0.149923550336316,0.169924247320598,0.141804301041557,2.38598660409206e-05,4.35362017140572e-05,5.15343728853427e-05,8.74373982307832e-05,5.02340789008352e-05,0.000203400586915871,6.81427491958032e-05
"183","Guanosine 5'-monophosphate; LC-ESI-QTOF; MS2; CE","[M-H]-",3.448,0.000543832697711772,0.00146492728236574,0.0146304655105568,0.0181176576083429,0.0148220456895492,0.073283030742669,0.0560032689188695,0.169622112003487,0.0466687326898057,0.0264829057457424,0.0472762137454002,0.000532609399163133,0.165870378973747,0.134865363002999,0.173855120785759,0.00130296983211806,0.00268789805332222,0.000743525835296649,0.00154356487136683,0.00170616301439591,0.0349749142049507,0.000770405132451303,0.00268154327492063,0.0029632059764657,0.00294736931739516,0.00290726269427097,0.000323065610064193,0.000409447386812592
"184","Guanosine 5'-monophosphate; LC-ESI-QTOF; MS2; CE","[M-H]-",2.528,0.00139042702978006,0.00179455842558851,0.0118172265076213,0.00556673177115163,0.01182166414049,0.0011811652152083,0.00116143700701124,0.000697089107294981,0.000936208101580504,0.000588276053837543,0.00206360081644234,0.00231380671940696,0.00091606162358558,0.00018521295661573,0.0010101690172631,0.152033622128801,0.160890819493766,0.162801170229281,0.155824085673203,0.165656537011645,0.151053986806782,0.00131054080923004,0.000770436413458808,0.000619654013977323,0.000686038617885878,0.000498058900364464,0.0026192076814765,0.00179220772725221
"185","Guanosine 5'-monophosphate; LC-ESI-QTOF; MS2; CE","[M-H]-",4.022,0.000784017322479363,0.0020758520360734,0.0112755847945982,0.0166094567173358,0.0093663054135242,0.0646493381965254,0.119034221421288,0.148832540564725,0.0341925586700695,0.0179164135266117,0.0306836822176308,0.00113238765341851,0.170833210449811,0.132128491576102,0.131027199226762,0.0101528127355281,0.00862832339227084,0.00978915008636419,0.00445998501487409,0.00465547570886704,0.0569682438761747,0.000905734358062486,0.00233209238460366,0.00264035749267578,0.00268969827816731,0.00225521513378166,0.00198526989120681,0.00199638186046826
"186","Glu-Val-Phe","[M-H]-",10.469,0.0776195718571726,0.00348453342870121,0.0121842357904647,0.0450397879948365,0.013280950227195,0.0031539897344309,0.00442213371770256,0.00466598666346949,0.016009817224188,0.00624783122204737,0.00657475274019636,0.046834214045334,0.000341430345834912,0.000612268503705607,0.0255796266598924,0.172489455644079,0.108418009749449,0.140137345674168,0.0492567053120662,0.065130630562103,0.0530064826488507,0.0466358797794916,0.0172607558708834,0.018134464997745,0.0352068073407182,0.0126490213564309,0.00832456565479969,0.00729874525404374
